id,first_name,last_name,email,gender,Address,Code,City
1,Tristan,Darragon,tdarragon0@jalbum.net,Male,49 Fair Oaks Parkway,45440,Dayton
2,Cami,Delafoy,cdelafoy1@scribd.com,Female,582 Carioca Terrace,3330-304,Góis
3,Zak,Shimmans,zshimmans2@redcross.org,Male,20575 1st Junction,,Yingkeng
4,Emmalyn,Feld,efeld3@marketwatch.com,Female,18 Magdeline Place,8970-255,Martinlongo
5,Hyman,Ivashev,hivashev4@state.gov,Male,844 Ridgeview Park,26-337,Aleksandrów
6,Wendell,Taverner,wtaverner5@engadget.com,Male,98766 Packers Road,,Babakanloa
7,Jermaine,Paule,jpaule6@phpbb.com,Female,982 Ridgeway Parkway,,Suifenhe
8,Lorens,Fitzhenry,lfitzhenry7@hostgator.com,Male,66 Gale Alley,300-0331,Ami
9,Jacinthe,Leahy,jleahy8@ed.gov,Female,19418 Carpenter Court,95160,San Jose
10,Bud,Bodocs,bbodocs9@cbc.ca,Male,588 Sheridan Court,8324,Cipolletti
11,Ebenezer,Shorthill,eshorthilla@ifeng.com,Male,0723 Lukken Plaza,162811,Kazinka
12,Wally,Lukins,wlukinsb@mysql.com,Male,3 Memorial Terrace,,Jinping
13,Isac,Work,iworkc@merriam-webster.com,Male,37 Eagan Crossing,,Buyun
14,Andie,De Giorgi,adegiorgid@dropbox.com,Male,0 Hallows Lane,,Зуунмод
15,Madalena,Siggers,msiggerse@phoca.cz,Female,4 Carpenter Place,,Lian
16,Ferrell,Vlasyev,fvlasyevf@nyu.edu,Male,2266 Kennedy Junction,,Okpo
17,Pete,Bolley,pbolleyg@moonfruit.com,Male,02 Calypso Avenue,1699,Manila
18,Moses,Yeo,myeoh@latimes.com,Male,50514 Lighthouse Bay Street,411 00,Göteborg
19,Edie,Wimmers,ewimmersi@msn.com,Female,01741 Chinook Plaza,27260,Lappi
20,Marie-ann,Lancashire,mlancashirej@google.co.jp,Female,9540 Mallard Court,70190,Stuttgart
21,Levin,Fortoun,lfortounk@huffingtonpost.com,Male,7151 Daystar Junction,,Khānaqāh
22,Esma,Timmins,etimminsl@canalblog.com,Female,989 Erie Circle,5017,Estancia
23,Loralie,Ovesen,lovesenm@who.int,Female,5 Transport Lane,44-352,Czyżowice
24,Grove,Mylchreest,gmylchreestn@stanford.edu,Male,635 Lake View Hill,,Xilin
25,Mayor,Leacock,mleacocko@linkedin.com,Male,48 Dovetail Park,41270,Kristinestad
26,Keene,Harfoot,kharfootp@ovh.net,Male,88 Schurz Trail,,Samburat
27,Des,Battrick,dbattrickq@angelfire.com,Male,778 Ridge Oak Center,,Qixia
28,Esme,Hallowell,ehallowellr@cargocollective.com,Male,6 Sutherland Terrace,5518,Haugesund
29,Rudiger,Brettel,rbrettels@joomla.org,Male,004 Mallard Avenue,3530,Quitilipi
30,Shawna,Higgen,shiggent@upenn.edu,Female,8031 Eagle Crest Road,1607,Caramay
31,Benedikt,Dionsetti,bdionsettiu@who.int,Male,44004 Pearson Circle,,Nyamanari
32,Clarance,Berns,cbernsv@mysql.com,Male,23064 Debra Circle,184389,Vidyayevo
33,Misty,Rosthorn,mrosthornw@csmonitor.com,Female,8 Village Green Way,10109,Fundación
34,Ric,Shord,rshordx@privacy.gov.au,Male,95869 Melrose Crossing,,Marelesu
35,Sidnee,Sinnott,ssinnotty@ft.com,Male,9513 Green Court,3111,Aliaga
36,Carlos,Knapper,cknapperz@dailymail.co.uk,Male,61093 Chive Way,54529 CEDEX,Laxou
37,Dania,Corse,dcorse10@china.com.cn,Female,9 Elmside Terrace,,Wŏnju
38,Batholomew,Jenkins,bjenkins11@w3.org,Male,840 Brickson Park Parkway,,Thị Trấn Pác Miầu
39,Wright,Caldow,wcaldow12@statcounter.com,Male,4992 Aberg Hill,,Áyioi Apóstoloi
40,Corine,Blowen,cblowen13@intel.com,Female,1896 Saint Paul Avenue,,Golem
41,Marshall,Meneghi,mmeneghi14@sogou.com,Male,2062 Lunder Way,,Yufrus
42,Gail,Cacacie,gcacacie15@google.co.jp,Female,724 Nova Street,4805-556,Sande Vila Nova
43,Tootsie,Waskett,twaskett16@reuters.com,Female,82 Derek Drive,65011,Naukot
44,Leola,Heaven,lheaven17@europa.eu,Female,66630 Warrior Place,37245,Nashville
45,Bevan,Emnoney,bemnoney18@alibaba.com,Male,16 Mariners Cove Crossing,,Padangbai
46,Raquela,Officer,rofficer19@miibeian.gov.cn,Female,3900 Ohio Plaza,2446,Cabalaoangan
47,Mead,Andryushchenko,mandryushchenko1a@vinaora.com,Male,1590 Elmside Alley,,Wenjiao
48,Jordain,Ornells,jornells1b@prnewswire.com,Female,1 Macpherson Hill,95761 CEDEX 1,Roissy Charles-de-Gaulle
49,Barron,Giacopazzi,bgiacopazzi1c@spiegel.de,Male,725 Redwing Terrace,081048,Juan de Acosta
50,Dionysus,Muff,dmuff1d@dailymotion.com,Male,30 Helena Circle,,Đạ Tẻh
51,Elberta,Luetkemeyers,eluetkemeyers1e@google.co.jp,Female,60 Vernon Trail,3240-654,Carvalhal
52,Ennis,Udall,eudall1f@yolasite.com,Male,289 Union Park,,Thị Trấn Tà Lùng
53,Abbot,Culmer,aculmer1g@house.gov,Male,9 Mitchell Circle,,Xianyan
54,Koren,Kingsnode,kkingsnode1h@bbb.org,Female,5400 Milwaukee Parkway,,Amaigbo
55,Jakob,Crewdson,jcrewdson1i@deviantart.com,Male,15600 Towne Crossing,,Kardítsa
56,Giffer,Cantwell,gcantwell1j@cafepress.com,Male,08772 Rockefeller Junction,,Zagazig
57,Noe,Corrie,ncorrie1k@yelp.com,Male,1 Dayton Place,,Kapshagay
58,Marylynne,Haward,mhaward1l@walmart.com,Female,37293 Springs Park,,Al Khamīs
59,Charlotta,Melendez,cmelendez1m@topsy.com,Female,287 Shasta Way,97-565,Lgota Wielka
60,Jeanette,Busfield,jbusfield1n@buzzfeed.com,Female,2 Basil Plaza,347554,Proletarsk
61,Nissa,O'Shavlan,noshavlan1o@unblog.fr,Female,50 Sutherland Circle,78410,Corpus Christi
62,Gearard,Chidlow,gchidlow1p@macromedia.com,Male,22 Ryan Park,,Nepalgunj
63,Roley,Adiscot,radiscot1q@mashable.com,Male,1 Eagle Crest Street,,Xiaotang
64,Henrie,Jacqueminet,hjacqueminet1r@stumbleupon.com,Female,9 Holmberg Hill,,Daliyuan
65,Koenraad,Readman,kreadman1s@chicagotribune.com,Male,72810 Bellgrove Center,,Tiout
66,Hans,Dinnies,hdinnies1t@hatena.ne.jp,Male,2 Rieder Terrace,353254,Smolenskaya
67,Mella,Surby,msurby1u@ucla.edu,Female,75 Chinook Court,,Yueyang
68,Ebonee,Sentance,esentance1v@google.de,Female,8 Manitowish Avenue,,Līgatne
69,Rance,Wrack,rwrack1w@si.edu,Male,12 Oakridge Park,,Karanglo
70,Guendolen,Kyle,gkyle1x@woothemes.com,Female,4 Donald Street,,Honghai
71,Dulcia,Goford,dgoford1y@taobao.com,Female,786 Delaware Court,,Camajuaní
72,Maynard,Sabater,msabater1z@cornell.edu,Male,5 Anniversary Hill,,Guanyang
73,Brynna,Skoggings,bskoggings20@goo.gl,Female,2424 Ronald Regan Place,,Muzi
74,Mitchael,Imore,mimore21@ovh.net,Male,081 Gateway Lane,32283,Vođinci
75,Elspeth,Lambarton,elambarton22@blog.com,Female,055 Delladonna Way,16-515,Puńsk
76,Roxanna,Orange,rorange23@ask.com,Female,52340 Ohio Lane,4415-719,Moses
77,Cindi,Fryatt,cfryatt24@mac.com,Female,854 Fairview Place,,Chunjing
78,Leif,Fuggle,lfuggle25@dropbox.com,Male,7838 Magdeline Plaza,,Xinhua
79,Moses,Landrieu,mlandrieu26@boston.com,Male,85446 Ridgeway Junction,,Jalalaqsi
80,Amity,Lober,alober27@wsj.com,Female,0 Mosinee Center,,Qal‘ah-ye Kūf
81,Marinna,Harsum,mharsum28@google.com,Female,80209 Sugar Crossing,,Pancan
82,Carleton,Trevorrow,ctrevorrow29@wufoo.com,Male,39 Talmadge Road,,Chibuto
83,Milo,Branwhite,mbranwhite2a@qq.com,Male,507 High Crossing Court,,Yujin
84,Zackariah,Gravie,zgravie2b@miitbeian.gov.cn,Male,7 Weeping Birch Plaza,,Srono
85,Saundra,Dive,sdive2c@google.pl,Male,156 Warbler Point,95960-000,Encantado
86,Glenn,Mc Gaughey,gmcgaughey2d@google.fr,Male,60 Sutherland Point,38066 CEDEX 2,Grenoble
87,Hubert,Cucinotta,hcucinotta2e@netlog.com,Male,435 Memorial Hill,,Abdurahmoni Jomí
88,Alaster,Sudron,asudron2f@stanford.edu,Male,7 Arkansas Crossing,,Sumuragung
89,Antons,Jearum,ajearum2g@marketwatch.com,Male,9 Victoria Avenue,5004,Ungca
90,Crista,Ambler,cambler2h@furl.net,Female,3387 Montana Park,,Fazhan
91,Veronique,Boxer,vboxer2i@arizona.edu,Female,9656 Donald Crossing,,Al Bilād
92,Miriam,Bamblett,mbamblett2j@theguardian.com,Female,762 Hagan Alley,,Wushi
93,Randie,Penticost,rpenticost2k@nydailynews.com,Female,0907 Transport Park,607614,Dzerzhinsk
94,Berri,Prier,bprier2l@spiegel.de,Female,5 Elka Alley,,Yangiqo‘rg‘on
95,Timmi,Western,twestern2m@constantcontact.com,Female,854 Coleman Parkway,18720-000,Paranapanema
96,Shelbi,Cowley,scowley2n@amazon.com,Female,9 Lunder Avenue,,Sidem
97,Dagmar,Pringell,dpringell2o@sphinn.com,Female,92425 Arkansas Terrace,06009 CEDEX 1,Nice
98,Sofia,Gemson,sgemson2p@flickr.com,Female,3012 Maple Circle,10801,Jarabacoa
99,Guilbert,Lusgdin,glusgdin2q@etsy.com,Male,93197 Memorial Park,,Semambung
100,Sibyl,Houseman,shouseman2r@miibeian.gov.cn,Female,8662 Commercial Terrace,,Shimen
101,Thomasina,Meeland,tmeeland2s@reuters.com,Female,48863 Oak Valley Junction,,Ayapa
102,Debera,Oxby,doxby2t@nih.gov,Female,2 Surrey Plaza,346550,Ust’-Donetskiy
103,Berna,Slarke,bslarke2u@jimdo.com,Female,17 Shasta Place,7000,Ruse
104,Jerry,Tanser,jtanser2v@cdbaby.com,Female,56 Larry Place,,Weepanapi
105,Domini,O'Hearn,dohearn2w@cnn.com,Female,1 Golden Leaf Center,00128,Roma
106,Libbey,Twamley,ltwamley2x@freewebs.com,Female,37 Bobwhite Point,,Pulau Tiga
107,Roberto,Kingsly,rkingsly2y@example.com,Male,0 Schurz Terrace,,Shengmi
108,Pen,Gladwin,pgladwin2z@wikispaces.com,Male,49540 Warbler Point,,Liang
109,Collie,Childs,cchilds30@berkeley.edu,Female,9 Toban Plaza,,Marang
110,Elmo,De la Feld,edelafeld31@mediafire.com,Male,4 Coolidge Court,,Qizhen
111,Domenico,Francello,dfrancello32@sogou.com,Male,251 Hoard Lane,,Skalat
112,Dov,Budden,dbudden33@pen.io,Male,881 Becker Trail,347735,Donskoy
113,Christoper,Attree,cattree34@merriam-webster.com,Male,277 Spaight Lane,,Daping
114,Marty,Loseke,mloseke35@trellian.com,Female,76 Clyde Gallagher Drive,789 71,Leština
115,Humfrid,Ure,hure36@unc.edu,Male,5 Shoshone Parkway,1358,Log pri Brezovici
116,Pincus,Skilton,pskilton37@goo.ne.jp,Male,88 Blue Bill Park Parkway,,Kakamega
117,Kahlil,Langford,klangford38@archive.org,Male,2 Rieder Parkway,59024 CEDEX,Lille
118,Mitchel,Stocks,mstocks39@toplist.cz,Male,686 Oriole Way,,Xinglongchang
119,Darby,Jermin,djermin3a@ed.gov,Female,274 Huxley Parkway,,Kyankwanzi
120,Sean,Albury,salbury3b@dot.gov,Male,11 Stuart Road,2435-042,Caxarias
121,Jillie,Dabbes,jdabbes3c@jugem.jp,Female,4 Ridge Oak Court,,Kotabaru
122,Beniamino,Simcox,bsimcox3d@ftc.gov,Male,4812 Logan Terrace,,Zhaoxiang
123,Karita,Baughan,kbaughan3e@odnoklassniki.ru,Female,00 Anthes Court,94414 CEDEX,Saint-Maurice
124,Bernarr,Wellings,bwellings3f@mayoclinic.com,Male,6294 Dunning Alley,671950,Zakamensk
125,Cart,MacLaughlin,cmaclaughlin3g@comsenz.com,Male,1 Beilfuss Terrace,,Sumpur Kudus
126,Travis,Polle,tpolle3h@cisco.com,Male,4952 Holy Cross Crossing,D13,Bayside
127,Tanitansy,Cutler,tcutler3i@t-online.de,Female,44798 Brown Court,,Changping
128,Verney,Claremont,vclaremont3j@parallels.com,Male,64499 Hazelcrest Drive,,Bojong
129,Gabriella,Pethrick,gpethrick3k@kickstarter.com,Female,68970 Gateway Pass,777 34,Smedjebacken
130,Vere,MacCrosson,vmaccrosson3l@com.com,Female,9717 Holmberg Street,,Blama
131,Alwin,Auden,aauden3m@google.cn,Male,625 Saint Paul Lane,,Qinhong
132,Cristina,Willmot,cwillmot3n@elegantthemes.com,Female,74 Westend Lane,,Wuxia
133,Svend,Guillart,sguillart3o@dropbox.com,Male,51290 Novick Avenue,34010,Taiping
134,Shawn,Dearing,sdearing3p@etsy.com,Female,4277 Dayton Drive,,Damiao
135,Erskine,McLeary,emcleary3q@mtv.com,Male,91776 Lillian Avenue,674660,Dauriya
136,Christa,Langdridge,clangdridge3r@paginegialle.it,Female,02297 Steensland Hill,,Wanghu
137,Joane,McComas,jmccomas3s@yale.edu,Female,7462 Jackson Pass,,Damu
138,Osmond,Wetherburn,owetherburn3t@example.com,Male,3 Forest Dale Street,,Jinzhou
139,Parsifal,Cornillot,pcornillot3u@t.co,Male,10599 Waubesa Way,,Tianxin
140,Tiebout,Bulfield,tbulfield3v@go.com,Male,29 Little Fleur Court,3400,Cabarroguis
141,Carissa,Wight,cwight3w@slate.com,Female,72 Manufacturers Road,5816,Sigma
142,Pacorro,Spridgen,pspridgen3x@dion.ne.jp,Male,7834 Brown Parkway,,Tunzhai
143,Samuel,Hould,should3y@ucoz.ru,Male,93866 Twin Pines Junction,,Tongshanxiang
144,Ennis,Pettican,epettican3z@xing.com,Male,01746 Village Crossing,9625-025,Fenais da Ajuda
145,Ali,Moorerud,amoorerud40@ted.com,Male,562 Straubel Circle,,Jiaoxiyakou
146,Angelina,Jurzyk,ajurzyk41@intel.com,Female,0792 Stoughton Street,20005,Donostia-San Sebastian
147,Annabelle,Tureville,atureville42@homestead.com,Female,6 North Alley,,Jiazi
148,Niles,Fancet,nfancet43@domainmarket.com,Male,2530 Sauthoff Street,,Zuru
149,Edy,Davern,edavern44@cisco.com,Female,527 Golden Leaf Circle,,Zhuangbian
150,Lennie,Evangelinos,levangelinos45@goo.gl,Male,029 Welch Way,,Pilar
151,Hyacinth,Reely,hreely46@google.pl,Female,7 Portage Road,768 05,Koryčany
152,Butch,Brackley,bbrackley47@networkadvertising.org,Male,83 Sutherland Street,,Tianmuhu
153,Devinne,Satch,dsatch48@phpbb.com,Female,16 Del Mar Court,,Kaédi
154,Burr,Rozea,brozea49@youtu.be,Male,63 Mendota Lane,242750,Dubrovka
155,Omero,Adlard,oadlard4a@wufoo.com,Male,7 Tony Terrace,19200-000,Pirapozinho
156,Abie,Layland,alayland4b@rambler.ru,Male,14 High Crossing Parkway,,Kertorejo
157,Roldan,Strognell,rstrognell4c@list-manage.com,Male,9959 Eastwood Lane,88788,Kota Kinabalu
158,Benjamin,Dootson,bdootson4d@sfgate.com,Male,1 Hoffman Terrace,,Hongxing
159,Brook,Camden,bcamden4e@dell.com,Male,56919 Sugar Alley,,Siquanpu
160,Abraham,Petherick,apetherick4f@pen.io,Male,18895 Calypso Center,38030 CEDEX 2,Grenoble
161,Belle,Gammill,bgammill4g@meetup.com,Female,57075 Claremont Circle,,Gengzhuang
162,Karylin,Crampin,kcrampin4h@nps.gov,Female,8 Cardinal Place,99150-000,Marau
163,Maxie,Porteous,mporteous4i@people.com.cn,Female,576 Thompson Parkway,,Pampas Chico
164,Merell,Connealy,mconnealy4j@lycos.com,Male,108 Jenifer Trail,4595-075,Eiriz
165,Hobart,Dowdall,hdowdall4k@wikimedia.org,Male,0 Memorial Way,,Mintian
166,Reese,Uff,ruff4l@blogspot.com,Male,88594 Schmedeman Place,4785-266,Paranho
167,Kermie,Kubas,kkubas4m@nih.gov,Male,131 Shasta Street,,Sumberarumkrajan
168,Jimmie,Dayne,jdayne4n@nature.com,Male,513 Emmet Avenue,,Nandu
169,Alysia,Nealand,anealand4o@bing.com,Female,35067 Manley Circle,68300,Kälviä
170,Robby,Faires,rfaires4p@simplemachines.org,Male,99131 Birchwood Crossing,,Urachiche
171,Anthe,Warlock,awarlock4q@people.com.cn,Female,50 Vermont Point,3030,Bern
172,Bail,Sleigh,bsleigh4r@infoseek.co.jp,Male,85 Bunting Center,,Kebonbencoy
173,Dudley,Bunten,dbunten4s@soundcloud.com,Male,748 Blackbird Street,08030,Barcelona
174,Aida,Tebbe,atebbe4t@so-net.ne.jp,Female,551 Doe Crossing Place,,Saint Ann’s Bay
175,Brianne,Willmot,bwillmot4u@google.nl,Female,149 Cody Lane,A85,Donegal
176,Edin,Slayton,eslayton4v@deliciousdays.com,Female,16 Dakota Trail,60609,Chicago
177,Ethelbert,Feaveer,efeaveer4w@ycombinator.com,Male,9805 Dayton Court,S3N,Berthierville
178,Desmond,Morris,dmorris4x@amazon.co.jp,Male,79773 Waubesa Plaza,4301,Castañas
179,Benni,Darley,bdarley4y@joomla.org,Female,28 Carberry Drive,646334,Tyukalinsk
180,Hubert,Crewes,hcrewes4z@seesaa.net,Male,0 Melrose Pass,,Lyeskawka
181,Christan,Butterworth,cbutterworth50@weibo.com,Female,93796 Granby Crossing,05001,Escuintla
182,Ivette,McIlraith,imcilraith51@yahoo.com,Female,99 Dunning Junction,,Da’ao
183,Flor,Tucker,ftucker52@state.tx.us,Female,8 Troy Place,,Hậu Nghĩa
184,Cecil,Walkley,cwalkley53@123-reg.co.uk,Male,6 Hauk Trail,,Cololaca
185,Ellary,Erik,eerik54@cisco.com,Male,8412 Southridge Road,,Bachaquero
186,Noah,Merrill,nmerrill55@t-online.de,Male,22724 Norway Maple Junction,,Shoushan
187,Darb,Dearness,ddearness56@businessinsider.com,Male,386 Merry Alley,353993,Novorossiysk
188,Addie,Stonhard,astonhard57@spiegel.de,Male,32993 Division Crossing,361405,Lechinkay
189,Larina,Bleiman,lbleiman58@ask.com,Female,18267 Shelley Crossing,,Dazhan
190,Ollie,Jaycock,ojaycock59@newsvine.com,Male,3311 Eastwood Trail,,Río Alejandro
191,Dulcine,Estabrook,destabrook5a@bloomberg.com,Female,90 Myrtle Street,,Dashtavan
192,Tedd,Cubin,tcubin5b@com.com,Male,883 Green Crossing,,Pingpu
193,Steward,Dyter,sdyter5c@aol.com,Male,1 Meadow Vale Place,3527,Miskolc
194,Jabez,Watson,jwatson5d@opera.com,Male,4613 Katie Terrace,90305,Inglewood
195,Pembroke,Cockroft,pcockroft5e@infoseek.co.jp,Male,7 Lerdahl Road,,Viengxay
196,Suzi,Passey,spassey5f@redcross.org,Female,4 Butternut Lane,91077 CEDEX,Bondoufle
197,Thebault,Raynes,traynes5g@time.com,Male,914 Trailsway Circle,70000,Ratnapura
198,Aggie,Steketee,asteketee5h@xinhuanet.com,Female,85 Caliangt Drive,,Bongsri
199,Gerrie,Linskill,glinskill5i@pinterest.com,Female,68572 Brickson Park Center,,Encontrados
200,Verla,Semered,vsemered5j@archive.org,Female,0737 Clyde Gallagher Plaza,,Ngou
201,Elvyn,Parades,eparades5k@alexa.com,Male,1 Mallard Parkway,421-0522,Sagara
202,Seamus,O'Drought,sodrought5l@tmall.com,Male,200 Oneill Plaza,,Aroa
203,Melony,Bowyer,mbowyer5m@bbc.co.uk,Female,7 Meadow Ridge Place,,Saryözek
204,Katie,Duffett,kduffett5n@businessweek.com,Female,73615 Waubesa Trail,9706,Bualan
205,Desiri,Sindell,dsindell5o@ifeng.com,Female,40846 Basil Center,,Pingshan
206,Alfi,Garham,agarham5p@ameblo.jp,Female,4 Mccormick Point,6313,Mabini
207,Auberon,Ioannou,aioannou5q@canalblog.com,Male,9 Becker Hill,,Zhishan
208,Cary,Turley,cturley5r@npr.org,Female,809 Orin Park,14008,San Antonio Ilotenango
209,Myriam,Archibald,marchibald5s@bloglovin.com,Female,289 Dovetail Plaza,,Deba Habe
210,Carney,Tirrey,ctirrey5t@answers.com,Male,99778 Farmco Trail,HMR,Ħamrun
211,Carine,Odgaard,codgaard5u@istockphoto.com,Female,453 Ridgeview Court,,Tisco
212,Siward,Don,sdon5v@github.com,Male,9 Carioca Circle,42-141,Przystajń
213,Danit,Imlacke,dimlacke5w@studiopress.com,Female,92807 Fulton Plaza,188516,Kipen’
214,Tamma,Seemmonds,tseemmonds5x@ifeng.com,Female,99738 Butternut Center,1933,Krugersdorp
215,Joel,Couve,jcouve5y@odnoklassniki.ru,Male,1663 Mccormick Alley,4201,Santa Rita Aplaya
216,Angie,Howatt,ahowatt5z@berkeley.edu,Female,490 Westridge Parkway,592 01,Herálec
217,Robby,Genever,rgenever60@wsj.com,Female,467 Anniversary Street,,Guruafin
218,Melisse,Strut,mstrut61@linkedin.com,Female,716 Golf View Junction,280 02,Veltruby
219,Mariele,Chapleo,mchapleo62@diigo.com,Female,909 Eagle Crest Place,,Liucun
220,Roderigo,Tregonna,rtregonna63@webmd.com,Male,40192 Russell Terrace,24118,Kiel
221,Janet,Willey,jwilley64@cisco.com,Female,5356 Jenifer Terrace,,Segbwema
222,Ryann,Fladgate,rfladgate65@opera.com,Female,5689 Fremont Plaza,,Chamouny
223,Marysa,Sannes,msannes66@aol.com,Female,18722 Fair Oaks Terrace,,Tangzhuang
224,Augustine,Spellesy,aspellesy67@sitemeter.com,Male,1753 Truax Way,6070,Lincoln
225,Dalenna,Heinrici,dheinrici68@ucoz.com,Female,14 Miller Park,353993,Novorossiysk
226,Clarey,Benedikt,cbenedikt69@dailymotion.com,Female,00275 Prentice Alley,,Huya
227,Cointon,Roskilly,croskilly6a@state.tx.us,Male,39542 Barnett Center,1255,Maindang
228,Ermin,Statter,estatter6b@gmpg.org,Male,7579 Loeprich Road,22-610,Krynice
229,Merrel,Paulazzi,mpaulazzi6c@geocities.com,Male,2 Merry Crossing,,Sexiong
230,Jeramie,Greenrod,jgreenrod6d@amazonaws.com,Male,554 Cascade Terrace,38-473,Łęki
231,Dennie,Colpus,dcolpus6e@zdnet.com,Male,53 Wayridge Way,,Fengshan
232,Kahlil,Tassel,ktassel6f@amazon.com,Male,278 Forster Plaza,601-1386,Ōtsu-shi
233,Creight,Yeend,cyeend6g@squidoo.com,Male,972 Del Mar Circle,,Tong’an
234,Sherrie,Melding,smelding6h@quantcast.com,Female,6006 Pawling Point,,Yiqian
235,Sandro,Surgener,ssurgener6i@engadget.com,Male,650 Farmco Pass,,Jianghua
236,Gram,Ogilvy,gogilvy6j@spiegel.de,Male,4823 Anniversary Avenue,64120-000,União
237,Norry,Spurgeon,nspurgeon6k@tamu.edu,Male,9 Rockefeller Street,37914,Knoxville
238,Maximo,Clegg,mclegg6l@nyu.edu,Male,13 Merrick Center,607210,Chernukha
239,Hatti,Kretschmer,hkretschmer6m@mit.edu,Female,73339 Dunning Trail,,Bau
240,Charlotte,Bottomer,cbottomer6n@w3.org,Female,7674 Mitchell Road,48760-000,Araci
241,Ginnie,Drydale,gdrydale6o@who.int,Female,3778 Butternut Trail,561 56,Horní Čermná
242,Zelda,Elph,zelph6p@bbb.org,Female,200 Arizona Way,503-0644,Aisai
243,Prentiss,Beckett,pbeckett6q@vkontakte.ru,Male,90 American Plaza,82-400,Sztum
244,Bogey,Shepheard,bshepheard6r@netscape.com,Male,86 Sunnyside Trail,,Golomunta
245,Ewell,Bernhardi,ebernhardi6s@blinklist.com,Male,00053 Meadow Vale Drive,45426,Dayton
246,Aryn,Aspden,aaspden6t@skyrock.com,Female,6 Duke Trail,442710,Issa
247,Cristie,Giamuzzo,cgiamuzzo6u@netscape.com,Female,412 Vermont Court,,Changtan
248,Jo-anne,Melonby,jmelonby6v@virginia.edu,Female,9 Ludington Road,LE15,Seaton
249,Melony,O'Doran,modoran6w@who.int,Female,25 Morning Parkway,,Chaowai
250,Tristam,Reeson,treeson6x@indiegogo.com,Male,302 Aberg Center,,Pilpichaca
251,Wyndham,Ludgate,wludgate6y@cam.ac.uk,Male,21 1st Lane,76040 CEDEX,Rouen
252,Marlyn,Bull,mbull6z@mysql.com,Female,72943 Lunder Place,,Pasirpanjang
253,Emmalynne,Elloy,eelloy70@webnode.com,Female,4222 Swallow Circle,,Magepanda
254,Gardy,Withnall,gwithnall71@webnode.com,Male,01642 Coleman Plaza,,Skýros
255,Woodman,Impy,wimpy72@state.tx.us,Male,54 Farmco Plaza,4663,Kristiansand S
256,Rod,Randles,rrandles73@tmall.com,Male,022 Lien Trail,92110,San Diego
257,Domenic,Henmarsh,dhenmarsh74@cbslocal.com,Male,9589 Drewry Street,6814,Arnhem
258,Iorgo,Keoghane,ikeoghane75@indiegogo.com,Male,2 Shoshone Road,98351,Francisco I Madero
259,Johna,Corps,jcorps76@fastcompany.com,Female,24268 Carpenter Place,781 96,Borlänge
260,Aurie,Duinbleton,aduinbleton77@seattletimes.com,Female,5 Fairview Street,77104 CEDEX,Meaux
261,Brunhilde,Selborne,bselborne78@bandcamp.com,Female,94 Portage Place,,Tamansari
262,Rolando,Wimpress,rwimpress79@sun.com,Male,0 Blue Bill Park Drive,4335,Pogonsili
263,Erminia,Merrilees,emerrilees7a@reference.com,Female,058 Lyons Point,471 29,Brniště
264,Paquito,Lamonby,plamonby7b@t.co,Male,990 Pankratz Point,91851 CEDEX,Orsay
265,Gaylene,Schwier,gschwier7c@wikia.com,Female,9 Anhalt Park,,Bokor
266,Bartholomeo,Ruberry,bruberry7d@tuttocitta.it,Male,56650 Lindbergh Drive,2015,San Simon
267,Ag,Henzley,ahenzley7e@blogtalkradio.com,Female,8 Old Gate Pass,8375-254,São Marcos da Serra
268,Erasmus,Palombi,epalombi7f@booking.com,Male,64 Bonner Hill,,Yunlong
269,Jarrett,Tandy,jtandy7g@clickbank.net,Male,04115 Carey Way,974 36,Luleå
270,Andie,Druitt,adruitt7h@jigsy.com,Female,55407 Pawling Plaza,64109 CEDEX,Bayonne
271,Tabatha,Pittem,tpittem7i@blogs.com,Female,510 Canary Parkway,428902,Troitsk
272,Burl,Baden,bbaden7j@paypal.com,Male,3028 Eagan Center,,Barra de Carrasco
273,Barbey,McFadzean,bmcfadzean7k@dagondesign.com,Female,18741 Emmet Street,90901,Kiiminki
274,Isis,Barnwell,ibarnwell7l@desdev.cn,Female,94 Haas Lane,,Pappádos
275,Maridel,Duddridge,mduddridge7m@posterous.com,Female,62556 Transport Street,2421,Malasiqui
276,Tamiko,ducarme,tducarme7n@w3.org,Female,87 Saint Paul Trail,632643,Kochenëvo
277,Den,Tod,dtod7o@upenn.edu,Male,4 Shopko Junction,,Tegalgede Kulon
278,Maurits,Greening,mgreening7p@cocolog-nifty.com,Male,41 Ilene Center,,San Ignacio
279,Sanders,Creddon,screddon7q@posterous.com,Male,3 Macpherson Road,8504,Becerril
280,Stafani,Paulet,spaulet7r@mit.edu,Female,663 Delaware Road,S1,Sheffield
281,Irving,Anstey,ianstey7s@google.ca,Male,5 Buell Court,,Skore
282,Mabelle,Sutherington,msutherington7t@netvibes.com,Female,703 Hansons Park,,Al Qaţn
283,Cecilius,Bernollet,cbernollet7u@wiley.com,Male,541 Springview Pass,,Lanxi
284,Karleen,Loges,kloges7v@uol.com.br,Female,2 Lunder Way,,Dungkek Laok
285,Odelle,Dukesbury,odukesbury7w@slideshare.net,Female,1 South Drive,,Norak
286,Adrien,Cawkwell,acawkwell7x@opera.com,Male,9040 Waywood Pass,,Timeng
287,Alain,Midlane,amidlane7y@oakley.com,Male,3122 Pond Street,,Har-Us
288,Noella,Woodham,nwoodham7z@census.gov,Female,774 Debra Court,957 99,Övertorneå
289,Conn,Trewman,ctrewman80@123-reg.co.uk,Male,87498 Dottie Drive,,Ranisoba
290,Lesly,Shiliton,lshiliton81@amazon.co.uk,Female,5 Pond Way,08075,Barcelona
291,Eddy,Pinn,epinn82@yelp.com,Female,6733 Waxwing Circle,89280-000,Corupá
292,Rhett,Shemelt,rshemelt83@jiathis.com,Male,2843 Tony Plaza,366609,Katyr-Yurt
293,Alastair,Dobsons,adobsons84@de.vu,Male,39799 Elgar Pass,,Al Maḩallah al Kubrá
294,Loleta,Skitch,lskitch85@hostgator.com,Female,9381 Pepper Wood Drive,,Situbondo
295,Buiron,Kayne,bkayne86@illinois.edu,Male,4 Meadow Valley Drive,87300-000,Jaboatão
296,Olag,Gorton,ogorton87@surveymonkey.com,Male,7699 Eastlawn Way,6401,Bobon
297,Sterling,Inkle,sinkle88@google.co.uk,Male,55944 Cherokee Way,4820,Palmerston North
298,Patrizius,Harvett,pharvett89@fc2.com,Male,94975 Luster Plaza,,Lijiang
299,Becka,Seelbach,bseelbach8a@fda.gov,Female,1 Ramsey Pass,,Dasha
300,Patsy,Spinetti,pspinetti8b@hubpages.com,Female,560 Monica Crossing,,Rongai
301,Damien,Ahlin,dahlin8c@home.pl,Male,43 Milwaukee Road,542 87,Mariestad
302,Werner,Reeder,wreeder8d@state.tx.us,Male,2804 Petterle Crossing,72100,Talhār
303,Poul,Jostan,pjostan8e@zimbio.com,Male,89 Grayhawk Plaza,813-0044,Shingū
304,Kerrin,Foord,kfoord8f@sciencedirect.com,Female,6 Forest Run Hill,899-2421,Kaminokawa
305,Jackelyn,Blackleech,jblackleech8g@surveymonkey.com,Female,88 Farwell Crossing,,Kilju
306,Donnie,Minithorpe,dminithorpe8h@marriott.com,Female,213 Sage Road,,Zhigong
307,Flossie,Gallehock,fgallehock8i@stanford.edu,Female,4 Bashford Trail,,Qırmızı Samux
308,Gustaf,Oven,goven8j@squarespace.com,Male,72327 Monica Lane,,Al Qubbah
309,Corine,Raecroft,craecroft8k@samsung.com,Female,2 Grover Place,,Mweka
310,Minetta,Giacobillo,mgiacobillo8l@merriam-webster.com,Female,313 Golf Parkway,296 24,Åhus
311,Jeromy,Tille,jtille8m@tinypic.com,Male,904 Vernon Road,8950-205,Monte Francisco
312,Montgomery,Broseman,mbroseman8n@pinterest.com,Male,741 Doe Crossing Court,32123,Daytona Beach
313,Blake,Ealles,bealles8o@wunderground.com,Male,0624 Shoshone Terrace,,Dazhipo
314,Buddy,Poyzer,bpoyzer8p@dedecms.com,Male,49 Petterle Place,,Jianfeng
315,Juli,Robillard,jrobillard8q@vistaprint.com,Female,9283 Mariners Cove Alley,,Mangqu
316,Leonidas,Patrie,lpatrie8r@smh.com.au,Male,169 Tennyson Alley,05-622,Belsk Duży
317,Melissa,Tinkler,mtinkler8s@zimbio.com,Female,53542 Pine View Avenue,,Damaturu
318,Maurice,Gut,mgut8t@unicef.org,Male,99 Mosinee Avenue,63136,Independencia
319,Patience,Towndrow,ptowndrow8u@wordpress.org,Female,22 3rd Point,,Sungaigerong
320,Enrico,Gammett,egammett8v@sina.com.cn,Male,0 Melrose Parkway,,Kodyma
321,David,Laity,dlaity8w@go.com,Male,7286 Arrowood Court,425090,Krasnogorskiy
322,Camila,Gallatly,cgallatly8x@soup.io,Female,93258 Loftsgordon Crossing,72100,Le Mans
323,Gregor,Ratie,gratie8y@hexun.com,Male,16 Saint Paul Pass,,Dajalorong
324,Chastity,Brand-Hardy,cbrandhardy8z@nhs.uk,Female,4630 Susan Park,658059,Sannikovo
325,Regen,Ronaldson,rronaldson90@berkeley.edu,Male,273 Mosinee Parkway,,Xinrong
326,Elladine,Mepham,emepham91@sciencedaily.com,Female,42414 Northport Alley,,Enjitsu
327,Burton,Rodgier,brodgier92@washington.edu,Male,11700 Warner Junction,77304 CEDEX,Fontainebleau
328,Gayelord,Domokos,gdomokos93@aboutads.info,Male,4 Jay Court,,Kolkhozobod
329,Verna,Kirkbright,vkirkbright94@reverbnation.com,Female,2 Calypso Hill,452696,Neftekamsk
330,Job,Tourmell,jtourmell95@about.com,Male,0940 Lawn Point,2430-162,Portela
331,Griffin,Brownbill,gbrownbill96@mlb.com,Male,42966 Westport Avenue,624620,Pribrezhnyy
332,Jerri,Bradnocke,jbradnocke97@webmd.com,Male,2113 Talisman Trail,R2J,Kamsack
333,Tirrell,Crosio,tcrosio98@symantec.com,Male,81388 Beilfuss Junction,,Jinshan
334,Clayborne,Boggs,cboggs99@marriott.com,Male,3 Sutherland Trail,77986 CEDEX,Saint-Fargeau-Ponthierry
335,Bay,Torr,btorr9a@fotki.com,Male,472 Blackbird Terrace,,Pajarillo
336,Luciana,Bartak,lbartak9b@disqus.com,Female,9 Scott Drive,678030,Vardane
337,Hobard,MacNeice,hmacneice9c@devhub.com,Male,4 Clyde Gallagher Park,,Botoh
338,Glenine,Trehearne,gtrehearne9d@twitpic.com,Female,52676 Clyde Gallagher Avenue,,Samadua
339,Gaylor,Greystoke,ggreystoke9e@telegraph.co.uk,Male,5 Shasta Alley,981-3521,Nakamura
340,Waylen,Pineaux,wpineaux9f@wordpress.org,Male,434 Autumn Leaf Lane,,Woken
341,Alistair,Radborn,aradborn9g@reuters.com,Male,0884 Alpine Center,,Cihaur
342,Stevana,Colegate,scolegate9h@alibaba.com,Female,6936 Buena Vista Trail,,Mandesan
343,Shelia,Le Bosse,slebosse9i@mysql.com,Female,03095 Arapahoe Plaza,,Chikeng
344,Brinn,Monshall,bmonshall9j@delicious.com,Female,55 Lien Parkway,,Nawu
345,Emylee,Drayton,edrayton9k@ihg.com,Female,91086 Loftsgordon Avenue,,Tinaco
346,Jay,Hincham,jhincham9l@bandcamp.com,Male,71 Ludington Crossing,13343 CEDEX 15,Marseille
347,Frasco,Uren,furen9m@nymag.com,Male,0 Thierer Alley,,El Valle del Espíritu Santo
348,Theadora,Brinkman,tbrinkman9n@samsung.com,Female,6 Moland Center,5145,Gorna Oryakhovitsa
349,Andie,Pritchitt,apritchitt9o@chronoengine.com,Male,616 Dixon Parkway,38009 CEDEX 1,Grenoble
350,Ole,Readmire,oreadmire9p@parallels.com,Male,6 8th Court,,Berestechko
351,Timothy,O'Kinneally,tokinneally9q@amazonaws.com,Male,7 Kedzie Plaza,97838 CEDEX,Le Tampon
352,Guntar,Stadden,gstadden9r@vimeo.com,Male,7 Glendale Circle,57193,Sioux Falls
353,Zebedee,Cowtherd,zcowtherd9s@globo.com,Male,0 Esch Court,,Guluoshan
354,Town,Marley,tmarley9t@comsenz.com,Male,8629 Prairie Rose Junction,,Timezgana
355,Casey,Bartolommeo,cbartolommeo9u@linkedin.com,Male,6752 Washington Drive,330 03,Chrást
356,Andrew,Bolesworth,abolesworth9v@elegantthemes.com,Male,828 Mandrake Place,,Um Jar Al Gharbiyya
357,Barnabe,Vaughn,bvaughn9w@sun.com,Male,27 Steensland Way,,Wailebe
358,Lindy,Serot,lserot9x@unblog.fr,Female,88 Knutson Terrace,B4N,Kentville
359,Trace,Buxsy,tbuxsy9y@accuweather.com,Male,91 Chive Center,51264,Jadranovo
360,Estella,Saynor,esaynor9z@google.pl,Female,93 Mayfield Point,5200,Bayanan
361,Calv,Osmant,cosmanta0@jigsy.com,Male,149 Hooker Hill,,Kuzhu
362,Julieta,Sieghart,jsiegharta1@squarespace.com,Female,6 Northfield Avenue,347879,Gukovo
363,Allen,Cloney,acloneya2@cbslocal.com,Male,6420 Banding Pass,,San Pedro de Atacama
364,Desmond,Heinicke,dheinickea3@unesco.org,Male,90 Stuart Street,6100,Rājshāhi
365,Nevins,Barkshire,nbarkshirea4@wikia.com,Male,1232 Briar Crest Circle,73850-000,Cristalina
366,Bradford,Hacquel,bhacquela5@zdnet.com,Male,3 Harper Way,M5L,Melita
367,Lindi,Keizman,lkeizmana6@cmu.edu,Female,4 Hallows Parkway,,Shahrīār
368,Cristobal,Errichiello,cerrichielloa7@linkedin.com,Male,64893 Stoughton Hill,55125-000,Toritama
369,Jennifer,Uccelli,juccellia8@photobucket.com,Female,2 Helena Way,910008,Leticia
370,Jocelin,Panton,jpantona9@omniture.com,Female,61550 Sutherland Junction,2302,Orizari
371,Lauretta,Stanwix,lstanwixaa@list-manage.com,Female,24 Vidon Center,,Yunyang
372,Ninnetta,Gillions,ngillionsab@miibeian.gov.cn,Female,0 Merry Junction,52212,Fažana
373,Mattie,Rash,mrashac@list-manage.com,Male,67 Kinsman Way,105 32,Stockholm
374,Thorin,Ireson,tiresonad@oaic.gov.au,Male,17026 Petterle Trail,612955,Sosnovo-Ozerskoye
375,Zachary,Juanes,zjuanesae@paginegialle.it,Male,8 Dennis Center,,Aleksinac
376,Bondie,Sandeland,bsandelandaf@usatoday.com,Male,361 Commercial Park,783 35,Horka nad Moravou
377,Tisha,Yerrington,tyerringtonag@wix.com,Female,8468 Bluejay Drive,83430-000,Campina Grande do Sul
378,Kenyon,Pashe,kpasheah@sfgate.com,Male,9845 Porter Trail,,Daqin Tal
379,Pauly,Solomonides,psolomonidesai@constantcontact.com,Female,9 Crest Line Alley,,U Minh
380,Tobiah,Solland,tsollandaj@pbs.org,Male,20 Pond Street,,Comalapa
381,Kliment,Prentice,kprenticeak@bloglovin.com,Male,2 Golf Course Circle,,Skoura
382,Gary,Janko,gjankoal@gizmodo.com,Male,4 Sunnyside Road,73130,Phatthalung
383,Nicholas,Syseland,nsyselandam@yahoo.co.jp,Male,9632 Schiller Court,367-0251,Inazawa
384,Vaughan,Tanswell,vtanswellan@npr.org,Male,94 Crest Line Parkway,,Hufeng
385,Adda,Rampton,aramptonao@webmd.com,Female,34 American Ash Street,526-0826,Hikone
386,Wilbur,Moxson,wmoxsonap@homestead.com,Male,3 Havey Park,,Gulao
387,Meryl,Brotheridge,mbrotheridgeaq@naver.com,Female,7793 American Ash Terrace,,Baturinggit Kaja
388,Letta,Dominique,ldominiquear@nsw.gov.au,Female,89 Bashford Place,,Plymouth
389,Andy,Napolione,anapolioneas@dot.gov,Male,4404 Forest Dale Drive,,Huanfeng
390,Shani,Pionter,spionterat@meetup.com,Female,5 Fair Oaks Park,,Cañaveral
391,Brande,Fissenden,bfissendenau@shop-pro.jp,Female,148 Ilene Center,,Wenchang
392,Sibylla,Richens,srichensav@craigslist.org,Female,60208 Shelley Hill,40030,Nicolas Bravo
393,Jayme,Trathen,jtrathenaw@lulu.com,Male,57 Toban Circle,,Zhifang
394,Ofelia,McAvaddy,omcavaddyax@nymag.com,Female,73 Arapahoe Alley,29223,Magisterial
395,Paulo,Heighway,pheighwayay@opensource.org,Male,6502 Sunbrook Terrace,25950-000,Teresópolis
396,Patrice,Zebedee,pzebedeeaz@cargocollective.com,Male,2022 Larry Plaza,,Nyzhnya Krynka
397,Meaghan,Catterick,mcatterickb0@mashable.com,Female,98042 Heffernan Drive,,Gaopi
398,Ethe,Wardale,ewardaleb1@upenn.edu,Male,9 Gerald Place,,Hualmay
399,Udall,McAvaddy,umcavaddyb2@fc2.com,Male,191 Scott Drive,,Muesanaik
400,Arch,Maides,amaidesb3@ehow.com,Male,64 Roxbury Terrace,,Soly
401,Nonna,Camplin,ncamplinb4@posterous.com,Female,8 Sloan Court,,Yanjiang
402,Adeline,Bakhrushkin,abakhrushkinb5@i2i.jp,Female,15 Rockefeller Way,,Eloy Alfaro
403,Clo,Wanden,cwandenb6@exblog.jp,Female,37089 Hoffman Terrace,V1Y,Kelowna
404,Fonz,Bulfoy,fbulfoyb7@desdev.cn,Male,18598 Hoepker Junction,8208,Jacinto Arauz
405,Wendi,Dunnaway,wdunnawayb8@moonfruit.com,Female,67380 Moulton Parkway,736-0089,Hiroshima-shi
406,Sonny,Sinnocke,ssinnockeb9@51.la,Male,659 Moose Alley,,Moguqi
407,Jacenta,Dresser,jdresserba@ft.com,Female,201 David Crossing,,Bené Beraq
408,Nani,MacCrosson,nmaccrossonbb@cisco.com,Female,47771 Meadow Vale Junction,,Las Lomas
409,Adella,Antcliff,aantcliffbc@skyrock.com,Female,521 Gerald Way,,Shicheng
410,Jenilee,Djurevic,jdjurevicbd@sun.com,Female,611 Surrey Center,2350-833,Zibreira
411,Albertina,Auton,aautonbe@bloglovin.com,Female,29485 Blackbird Park,,Halteu
412,Lurline,Lavalle,llavallebf@simplemachines.org,Female,99 Artisan Circle,676701,Bureya
413,Walt,McKibbin,wmckibbinbg@live.com,Male,16920 Norway Maple Circle,650904,Promyshlennovskiy
414,Ashlen,Hark,aharkbh@theglobeandmail.com,Female,3953 Eliot Park,56001,Aleksotas
415,Miller,Pinare,mpinarebi@psu.edu,Male,5 Mallard Plaza,6366,Mineralni Bani
416,Dorisa,Bernaert,dbernaertbj@sfgate.com,Female,00 Harper Trail,,Barrancas
417,Skippie,Dowey,sdoweybk@berkeley.edu,Male,75113 Homewood Center,7005-724,São Manços
418,Renie,Rookeby,rrookebybl@1und1.de,Female,17 Melby Circle,,Nyahururu
419,Rosalinda,Danson,rdansonbm@tamu.edu,Female,4741 Hazelcrest Point,,Issia
420,Killy,Rasher,krasherbn@cnet.com,Male,472 Hintze Circle,,Songea
421,Karilynn,Letrange,kletrangebo@alexa.com,Female,51604 Fordem Plaza,44966 CEDEX 9,Nantes
422,Malory,Freak,mfreakbp@state.gov,Female,628 Eastwood Road,72-110,Przybiernów
423,Vaughan,Pear,vpearbq@nasa.gov,Male,741 Atwood Avenue,1160,Burgersfort
424,Shannon,Huge,shugebr@oakley.com,Male,927 Jana Plaza,96928,Guam Government House
425,Obidiah,Fryers,ofryersbs@qq.com,Male,6069 Park Meadow Plaza,37554 CEDEX,Saint-Avertin
426,Blanch,Lambird,blambirdbt@shinystat.com,Female,7352 Pankratz Road,7005-719,Monte do Outeiro
427,Lauritz,Cushelly,lcushellybu@sourceforge.net,Male,50972 Ilene Street,57000,Benito Juarez
428,Lane,Mendenhall,lmendenhallbv@sun.com,Female,2 Cottonwood Junction,555 94,Jönköping
429,Filberte,Winspire,fwinspirebw@wordpress.com,Male,38 Texas Junction,,Soubré
430,Bertine,Greer,bgreerbx@wisc.edu,Female,93997 Logan Terrace,,Wololele A
431,Spenser,Ainslee,sainsleeby@fema.gov,Male,1924 Kim Trail,4325,Lusacan
432,Carlie,Wyeth,cwyethbz@comcast.net,Male,753 Donald Junction,5501,Nagiba
433,Imojean,Southcott,isouthcottc0@marketwatch.com,Female,6351 Victoria Way,,Krajan Alasdowo
434,Al,Ronaghan,aronaghanc1@bizjournals.com,Male,36123 Di Loreto Trail,169060,Mikun’
435,Irving,Regi,iregic2@prlog.org,Male,14 Oneill Junction,,Makata
436,Mil,Rushmare,mrushmarec3@examiner.com,Female,62838 Namekagon Court,302525,Staryy Togul
437,Pippy,Negro,pnegroc4@bbb.org,Female,2580 Fallview Alley,,Fasi
438,Demetris,Ivushkin,divushkinc5@ning.com,Female,7557 Bartelt Point,,Karangtalun
439,Marci,Dufour,mdufourc6@theguardian.com,Female,2 Huxley Lane,,Zalanga
440,Gigi,Semonin,gsemoninc7@china.com.cn,Female,4346 Green Court,595 52,Mjölby
441,Nealy,Egdale,negdalec8@mapquest.com,Male,6 Westport Junction,7604,Almelo
442,Hube,Luttger,hluttgerc9@toplist.cz,Male,8407 Hovde Road,12300-000,Jacareí
443,Adelind,Saphin,asaphinca@cbsnews.com,Female,2566 Corry Center,,Lingda
444,Kristin,Sedger,ksedgercb@netvibes.com,Female,72015 Southridge Place,,Huangyang
445,Julie,Kermannes,jkermannescc@moonfruit.com,Female,4 Vernon Center,2565-522,Monte Redondo
446,Winny,McKerley,wmckerleycd@elegantthemes.com,Male,8080 Maywood Trail,,Luanda
447,Dieter,Girvan,dgirvance@digg.com,Male,6422 Farwell Avenue,671 53,Jevišovice
448,Paul,Lademann,plademanncf@google.com,Male,8 Prentice Park,,Tangban
449,Desmond,Selway,dselwaycg@goodreads.com,Male,84725 Ilene Center,12045,Berlin
450,Rosene,Nyland,rnylandch@cpanel.net,Female,971 Harbort Trail,20088,Washington
451,Ingram,Walhedd,iwalheddci@forbes.com,Male,2881 Dixon Center,,Guotan
452,Wittie,Swatton,wswattoncj@studiopress.com,Male,48 Bowman Court,,Weekombaka
453,Marybeth,Catonnet,mcatonnetck@dmoz.org,Female,752 Mallory Crossing,51601,Haukivuori
454,Gabby,Badsworth,gbadsworthcl@slideshare.net,Male,129 Fisk Place,2622,Sabangan
455,Savina,Camplen,scamplencm@theatlantic.com,Female,541 Schurz Way,,Minzheng
456,Joe,Macieja,jmaciejacn@dell.com,Male,212 Green Ridge Crossing,,Sofifi
457,Klement,De Mitri,kdemitrico@princeton.edu,Male,87 3rd Crossing,,Kelungkung
458,Georas,Govern,ggoverncp@amazon.de,Male,036 Ridgeview Drive,,Jiangkou
459,Mirabel,Tustin,mtustincq@xinhuanet.com,Female,349 Moose Hill,4206,Zgornje Jezersko
460,Dorian,Lefeaver,dlefeavercr@cnn.com,Female,866 Armistice Road,,Ḩalabjah
461,Gwennie,Walthew,gwalthewcs@ucoz.ru,Female,4220 Sloan Junction,102 27,Stockholm
462,Yorgo,Wodham,ywodhamct@bloomberg.com,Male,48278 Nobel Center,,Juntang
463,Ailee,Malden,amaldencu@wp.com,Female,39499 Debra Junction,,Cibungur
464,Mickie,Bearsmore,mbearsmorecv@wordpress.com,Male,85568 5th Drive,,Nglengkir
465,Mattheus,Craxford,mcraxfordcw@comcast.net,Male,4 Farmco Road,,Banjar Buahan
466,Thomasin,de Pinna,tdepinnacx@sourceforge.net,Female,60 Tony Avenue,,Wuhu
467,Bondy,Curtayne,bcurtaynecy@mtv.com,Male,6550 Cardinal Terrace,,Cigeulis
468,Francklyn,Oxbie,foxbiecz@themeforest.net,Male,2343 Pankratz Point,CV35,Walton
469,Teena,Febvre,tfebvred0@elpais.com,Female,97 Lake View Point,,Wates
470,Delmor,Fillingham,dfillinghamd1@naver.com,Male,054 Barby Place,50260,Ban Mai
471,Mitch,MacCaughan,mmaccaughand2@elegantthemes.com,Male,410 Westport Pass,4334,Perez
472,Esdras,Kincade,ekincaded3@wired.com,Male,5 Melby Circle,07750-000,Cajamar
473,Althea,Normand,anormandd4@blogspot.com,Female,62 Washington Plaza,88861,Kota Kinabalu
474,Stephana,Vasic,svasicd5@nature.com,Female,5 5th Plaza,,Huashixia
475,Hobart,Silverthorne,hsilverthorned6@rakuten.co.jp,Male,716 Rowland Parkway,,Baoji
476,Mel,Rentenbeck,mrentenbeckd7@netvibes.com,Female,67181 Grayhawk Lane,,Ngromo
477,Millisent,Benedick,mbenedickd8@nbcnews.com,Female,21095 Butterfield Road,,Lezhë
478,Katie,Yegorev,kyegorevd9@zimbio.com,Female,4 Katie Hill,4124,Trancas
479,Elias,Balentyne,ebalentyneda@nationalgeographic.com,Male,9853 Bowman Point,301070,Talitsa
480,Stanislas,Yoodall,syoodalldb@sciencedaily.com,Male,80183 Parkside Hill,,Bangunharja
481,Gradeigh,Sidery,gsiderydc@barnesandnoble.com,Male,6 Hayes Terrace,2902,Quiling
482,Fidelia,Goodwins,fgoodwinsdd@alibaba.com,Female,38 Hanson Avenue,38126,Memphis
483,Wynny,Wooler,wwoolerde@europa.eu,Female,24 4th Way,,Garunggang
484,Morry,Letherbury,mletherburydf@homestead.com,Male,4 Anzinger Lane,,Kramat
485,Mona,Glanvill,mglanvilldg@photobucket.com,Female,7 Lunder Circle,,Obudovac
486,Mandie,Attwoull,mattwoulldh@geocities.jp,Female,18133 Holmberg Drive,664 08,Blažovice
487,Tades,Astall,tastalldi@technorati.com,Male,4235 Truax Park,658741,Shipunovo
488,Yuma,Cuttelar,ycuttelardj@friendfeed.com,Male,87 Mayfield Park,664 84,Příbram
489,Jacynth,Linch,jlinchdk@dailymail.co.uk,Female,23 Mifflin Drive,38610-000,Unaí
490,Rachelle,Ros,rrosdl@illinois.edu,Female,87985 Crowley Lane,,Sambir
491,Madelaine,Heiton,mheitondm@wp.com,Female,1 Sachtjen Trail,,Wum
492,Suzann,Shirer,sshirerdn@amazon.co.jp,Female,61 Carey Trail,,Krajan Satu
493,Alli,Cabotto,acabottodo@nsw.gov.au,Female,2 Prentice Center,,Grand Sable
494,Bendix,Sturges,bsturgesdp@wordpress.com,Male,55 Cherokee Street,,Guang’an
495,Morse,Lauks,mlauksdq@narod.ru,Male,5185 Hoepker Place,,Tongli
496,Alonso,Bentham,abenthamdr@tripadvisor.com,Male,73826 Dorton Trail,958-0224,Kuroda
497,Robb,Deaville,rdeavilleds@home.pl,Male,41406 2nd Circle,,Ñuñoa
498,Stacia,Greetland,sgreetlanddt@princeton.edu,Female,0 Del Mar Park,3004,Rotterdam postbusnummers
499,Far,Baglow,fbaglowdu@shareasale.com,Male,9 Eastlawn Point,,Zungeru
500,Faber,Van Salzberger,fvansalzbergerdv@google.nl,Male,0 Carpenter Drive,,Henglan
501,Virgie,Arstall,varstalldw@1und1.de,Male,769 Spaight Trail,,Babura
502,Malachi,Lundbech,mlundbechdx@ihg.com,Male,41806 Novick Junction,,Jampang Kulon
503,Izzy,Neville,inevilledy@theglobeandmail.com,Male,49 Schiller Crossing,7319,Apeldoorn
504,Stan,Wickham,swickhamdz@shareasale.com,Male,8 Lunder Crossing,,Maych’ew
505,Obadias,Rose,orosee0@hud.gov,Male,5202 Rusk Center,3319,Dordrecht
506,Corrianne,Volks,cvolkse1@issuu.com,Female,2 Scott Lane,20000-000,Rio de Janeiro
507,Kareem,Grand,kgrande2@infoseek.co.jp,Male,85441 Troy Terrace,,Shuntian
508,Lotty,Legrand,llegrande3@nasa.gov,Female,26864 Westerfield Center,09000-000,Santo André
509,Maury,Carass,mcarasse4@google.com.hk,Male,8751 Raven Terrace,26700-000,Mendes
510,Heywood,Marks,hmarkse5@cocolog-nifty.com,Male,641 Eggendart Way,719-1171,Sōja
511,Clarice,Hovee,choveee6@soup.io,Female,4 Reindahl Lane,,Nankou
512,Gino,Sandison,gsandisone7@scientificamerican.com,Male,316 Briar Crest Point,055038,Abejorral
513,Ashlin,Schowenburg,aschowenburge8@ucsd.edu,Male,61967 Gateway Point,,Liudu
514,Dolli,Biford,dbiforde9@liveinternet.ru,Female,994 Swallow Plaza,,Tongle
515,Dael,Guyet,dguyetea@blogs.com,Male,7252 Harper Trail,34-745,Spytkowice
516,Coreen,Pelosi,cpelosieb@yellowpages.com,Female,21564 Cottonwood Hill,303181,Pokrovskoye
517,Aggie,Heighway,aheighwayec@yale.edu,Female,867 Glendale Terrace,,Kiboga
518,Liane,Cathcart,lcathcarted@tumblr.com,Female,84 Walton Trail,08-440,Pilawa
519,Waring,Kyberd,wkyberdee@usda.gov,Male,946 Acker Hill,,Khamis Mushait
520,Wilhelmina,Spuffard,wspuffardef@altervista.org,Female,7 Graceland Road,,Bopu
521,Benita,Kisby,bkisbyeg@timesonline.co.uk,Female,8 Drewry Point,,Luoqiao
522,Garwin,Tubby,gtubbyeh@marketwatch.com,Male,81836 Schurz Junction,,Katur
523,Anneliese,Coyish,acoyishei@gizmodo.com,Female,23 Marquette Circle,195047,Florencia
524,Drusie,Calverd,dcalverdej@cnbc.com,Female,4 Paget Way,,Pulorejo
525,Coop,Le Estut,cleestutek@yellowbook.com,Male,260 Shoshone Park,,Hexi
526,Francisco,Allworthy,fallworthyel@uiuc.edu,Male,7 Vidon Road,,Ban Nahin
527,Joanie,Cuttler,jcuttlerem@wiley.com,Female,09 Vidon Junction,,Yongfeng
528,Regan,Mixture,rmixtureen@sina.com.cn,Male,8539 Pankratz Point,,Caotan
529,Renell,Lowder,rlowdereo@ning.com,Female,77423 Blue Bill Park Park,4640-340,Monte
530,Car,Crambie,ccrambieep@seesaa.net,Male,42008 Pankratz Junction,,Yélimané
531,Ennis,Thirtle,ethirtleeq@dmoz.org,Male,346 Anderson Park,904 35,Umeå
532,Arvie,Averall,aaveraller@oakley.com,Male,846 Kenwood Parkway,646604,Inya
533,Konstantine,Smithe,ksmithees@ucoz.com,Male,63223 Ronald Regan Trail,,Chengdong
534,Robina,Grzeskowski,rgrzeskowskiet@princeton.edu,Female,74 Lake View Junction,,Fengmen
535,Lotte,Yelden,lyeldeneu@cargocollective.com,Female,7810 Di Loreto Crossing,,Grevená
536,Nathanael,Bettanay,nbettanayev@cbsnews.com,Male,82 Golf Course Trail,,Kisii
537,Jaynell,Blackaller,jblackallerew@nps.gov,Female,303 Sutteridge Hill,1230,Gostivar
538,Westley,Podd,wpoddex@umn.edu,Male,81 Arrowood Pass,V5A,Anmore
539,Isabel,Saphir,isaphirey@usgs.gov,Female,06674 New Castle Drive,,Leiyang
540,Morly,Dressell,mdressellez@topsy.com,Male,2685 Jenna Lane,663580,Aginskoye
541,Valaree,Dicke,vdickef0@admin.ch,Female,9 Fulton Center,,Paghmān
542,Romy,Islep,rislepf1@goo.ne.jp,Female,0 Russell Road,,Aţ Ţawīlah
543,Jeanette,Ind,jindf2@arstechnica.com,Female,0 Northview Plaza,,Tawaran
544,Coop,Pauluzzi,cpauluzzif3@statcounter.com,Male,45 Summer Ridge Place,,Capacho Viejo
545,Forster,O'Sculley,fosculleyf4@noaa.gov,Male,1 Larry Street,5419,General Luna
546,Leelah,Guterson,lgutersonf5@163.com,Female,83 Brickson Park Parkway,,Dayang
547,Diego,Ivanitsa,divanitsaf6@dell.com,Male,26 Havey Junction,,Pondoktelo
548,Sigismond,Reede,sreedef7@sciencedaily.com,Male,05463 Northwestern Trail,93180,Khuean Ubonrat
549,Nedda,Prew,nprewf8@rakuten.co.jp,Female,74 Southridge Court,,Badou
550,Donetta,Boocock,dboocockf9@seesaa.net,Female,4836 Stone Corner Circle,,Yongping
551,Pippa,Lummasana,plummasanafa@archive.org,Female,8763 Packers Circle,,Jipijapa
552,Abbe,Flinn,aflinnfb@example.com,Female,0 Morrow Alley,37082 CEDEX 2,Tours
553,Sayres,Lavery,slaveryfc@youku.com,Male,49347 Oakridge Park,,Cicapar
554,Lara,Kennion,lkennionfd@craigslist.org,Female,06812 John Wall Road,,Seoam
555,Kath,Noton,knotonfe@google.it,Female,22 Loomis Pass,,Banjar Tengahbelayu
556,Klement,Sanson,ksansonff@geocities.jp,Male,5 Sauthoff Court,,Ramana
557,Barbey,Woodcock,bwoodcockfg@bloomberg.com,Female,1 Ryan Junction,57240-000,São Miguel dos Campos
558,Towny,Ritelli,tritellifh@blogspot.com,Male,7 Buell Lane,678 01,Hořice
559,Timmy,Caulier,tcaulierfi@wired.com,Male,8 Shelley Plaza,,Chegang
560,Aubert,Tibbits,atibbitsfj@youtu.be,Male,4 Westridge Park,683 52,Zbýšov
561,Waverley,Howells,whowellsfk@dagondesign.com,Male,9954 Scoville Way,,Situsari
562,Bel,Moncreiffe,bmoncreiffefl@blogger.com,Female,1 Muir Point,,Omaruru
563,Zelig,Iacomettii,ziacomettiifm@fotki.com,Male,807 Kensington Terrace,01054,Palencia
564,Avrom,Berryman,aberrymanfn@w3.org,Male,0418 Sullivan Court,43220,Columbus
565,Rodrique,Doey,rdoeyfo@trellian.com,Male,77588 Emmet Circle,671610,Barguzin
566,Lucky,Titchen,ltitchenfp@e-recht24.de,Female,1147 Dovetail Plaza,,Donghe
567,Aube,Diviny,adivinyfq@is.gd,Male,4 Nancy Road,10250,Ježdovec
568,Renato,Biddle,rbiddlefr@etsy.com,Male,7475 Heath Hill,,Abakaliki
569,Rubin,Dowderswell,rdowderswellfs@ameblo.jp,Male,0 Carpenter Road,,Sanchahe
570,Rouvin,Skala,rskalaft@storify.com,Male,4 Kingsford Lane,66053,Los Nogales
571,Sharon,Brisse,sbrissefu@squidoo.com,Female,7585 Annamark Crossing,999-3103,Kanaya
572,Base,Oneile,boneilefv@elpais.com,Male,830 Milwaukee Hill,3220,Štore
573,Karoly,Baylis,kbaylisfw@yandex.ru,Male,02 Shasta Crossing,,Dongsheng
574,Lillis,Kirkup,lkirkupfx@vinaora.com,Female,6687 Straubel Point,,Luohuang
575,Siffre,Lowde,slowdefy@sourceforge.net,Male,402 Westend Road,,Baturinggit Kaja
576,Brandise,Maud,bmaudfz@delicious.com,Female,49 Corscot Crossing,442153,Nizhniy Lomov
577,Cyb,Poacher,cpoacherg0@webeden.co.uk,Female,96793 6th Trail,,Awar-awar
578,Kelsey,Dulson,kdulsong1@businesswire.com,Female,4 Banding Avenue,4705-029,Aveleda
579,Robbin,Bierman,rbiermang2@storify.com,Female,198 Cardinal Trail,37-127,Krzemienica
580,Ag,Winsley,awinsleyg3@noaa.gov,Female,617 Elgar Circle,14109,Berlin
581,Jarrett,Lawie,jlawieg4@webeden.co.uk,Male,69 Johnson Place,,Gjilan
582,Kristo,Goodinge,kgoodingeg5@webnode.com,Male,1677 South Alley,64-360,Zbąszyń
583,Dorella,Horstead,dhorsteadg6@weather.com,Female,79537 Coolidge Lane,,Fushi
584,Barbaraanne,McDuff,bmcduffg7@geocities.jp,Female,230 Old Gate Hill,,Ash Shiḩr
585,Marmaduke,Flippen,mflippeng8@cbsnews.com,Male,8 Lien Hill,565 01,Mostek
586,Caitrin,Shevell,cshevellg9@samsung.com,Female,70722 Sheridan Lane,,Gabasumdo
587,Kessia,Dade,kdadega@ox.ac.uk,Female,54807 Gale Trail,,Ningxi
588,Annalee,MattiCCI,amatticcigb@addthis.com,Female,95 Veith Lane,561 36,Huskvarna
589,Tommi,Schiersch,tschierschgc@mail.ru,Female,55 Mitchell Avenue,02701,Kauniainen
590,Felicio,Sothcott,fsothcottgd@walmart.com,Male,8936 Kim Place,,Palaiochóri
591,Melvyn,Whinney,mwhinneyge@elegantthemes.com,Male,986 Brickson Park Street,,Sarbīsheh
592,Gael,Ruler,grulergf@berkeley.edu,Male,6 Lake View Plaza,9660,Balgarevo
593,Shelley,Feore,sfeoregg@nbcnews.com,Female,7 Springs Plaza,69639 CEDEX,Vénissieux
594,Saxe,McCall,smccallgh@dailymail.co.uk,Male,5 Prairie Rose Street,,Béoumi
595,Elenore,Scad,escadgi@multiply.com,Female,2542 Gerald Street,,Yuanjue
596,Pammie,Bulfit,pbulfitgj@ovh.net,Female,73 Burning Wood Crossing,,Petani
597,Kit,Fauning,kfauninggk@latimes.com,Female,497 Eagan Plaza,,Metapán
598,Roana,Tritten,rtrittengl@youtu.be,Female,2 Oneill Road,L-9674,Gœsdorf
599,Carmelle,Freezor,cfreezorgm@ning.com,Female,8280 Corscot Terrace,439 83,Lubenec
600,Stanleigh,Myford,smyfordgn@gov.uk,Male,50756 Del Sol Circle,4785-035,Outeirô
601,Granthem,Morrott,gmorrottgo@youtube.com,Male,57 Graedel Court,3513,Capissayan Sur
602,Bernetta,Sleney,bsleneygp@vk.com,Female,56201 Spohn Avenue,0905,Bacacay
603,Hussein,Marritt,hmarrittgq@ameblo.jp,Male,2796 Stone Corner Street,,Bayt Ūmmar
604,Omar,Prynne,oprynnegr@ifeng.com,Male,262 Mockingbird Avenue,07505,Paterson
605,Editha,Lyons,elyonsgs@fda.gov,Female,51 Straubel Junction,,Daye
606,Iris,Amys,iamysgt@trellian.com,Female,675 Stang Crossing,39100,Nankāna Sāhib
607,Lorens,Rowlings,lrowlingsgu@google.co.uk,Male,65 Bonner Avenue,9630-015,Achada
608,Karl,Heaviside,kheavisidegv@eventbrite.com,Male,50 Center Lane,,Venilale
609,Laina,Kitchingman,lkitchingmangw@howstuffworks.com,Female,62 Hayes Lane,90160,Maha Sarakham
610,Flo,Kienzle,fkienzlegx@ameblo.jp,Female,341 Scott Hill,4311,Catanauan
611,Marielle,Egle,meglegy@ftc.gov,Female,2853 Debs Parkway,,Huangtudian
612,Niels,Baudino,nbaudinogz@amazon.co.uk,Male,9888 Caliangt Terrace,,Changwon
613,Marilyn,O'Neill,moneillh0@phpbb.com,Female,1 Meadow Valley Parkway,,Muhur
614,Giffard,MacKee,gmackeeh1@mapy.cz,Male,793 Jay Court,,Quilpué
615,Thorpe,Allcorn,tallcornh2@quantcast.com,Male,432 Fulton Lane,5030-213,Fornelos
616,Thomasina,de Clerq,tdeclerqh3@lulu.com,Female,927 Bluejay Trail,56110,Khu Khan
617,Laryssa,Shires,lshiresh4@quantcast.com,Female,6 Kim Hill,,Dadianzi
618,Dena,Urpeth,durpethh5@google.cn,Female,81232 Mockingbird Parkway,2000-014,Santarém
619,Arabele,Drains,adrainsh6@clickbank.net,Female,89 Bowman Drive,,Fenghui
620,Tori,Greenlees,tgreenleesh7@mac.com,Female,651 Norway Maple Avenue,,Dengmu
621,Rachel,Catcherside,rcatchersideh8@boston.com,Female,251 Cambridge Lane,11630-000,Ilhabela
622,Vinnie,Josefs,vjosefsh9@alibaba.com,Female,50000 Canary Pass,,Shiyun
623,Nonie,Poyser,npoyserha@forbes.com,Female,16248 Waywood Road,,Akropong
624,Bryant,Maior,bmaiorhb@t-online.de,Male,7000 Division Court,73110,Sam Phran
625,Quincey,Woolston,qwoolstonhc@hao123.com,Male,054 Bluejay Junction,054028,Marinilla
626,Tiphany,Staniforth,tstaniforthhd@ocn.ne.jp,Female,75 Springs Place,,Gununglajang
627,Wilton,Moodie,wmoodiehe@apache.org,Male,9228 Manley Hill,,Ḩadādah
628,Kittie,Harcarse,kharcarsehf@miitbeian.gov.cn,Female,556 New Castle Alley,,Tatebal
629,Barrett,Lahy,blahyhg@amazon.co.jp,Male,87 Lyons Drive,,Pamanukan
630,Bibi,Baseggio,bbaseggiohh@reddit.com,Female,14402 Northridge Junction,,Terbangan
631,Ginevra,Swyre,gswyrehi@amazon.co.jp,Female,9 Johnson Alley,36900-000,Manhuaçu
632,Aidan,Brandham,abrandhamhj@nature.com,Female,78 Almo Parkway,,Baruny
633,Gonzalo,Garton,ggartonhk@free.fr,Male,21440 Harbort Street,,Tombu
634,Val,Grinvalds,vgrinvaldshl@infoseek.co.jp,Male,8624 Merrick Plaza,652577,Krasnoye
635,Floris,Najafian,fnajafianhm@nba.com,Female,1375 Oak Valley Pass,,Jingzhu
636,Vivyan,Saunper,vsaunperhn@tuttocitta.it,Female,887 Northland Crossing,84204 CEDEX,Carpentras
637,Kassia,Tildesley,ktildesleyho@shinystat.com,Female,22 Blaine Road,,Monjarás
638,Dilly,Bonner,dbonnerhp@newyorker.com,Male,93067 Sunfield Trail,,Kyenjojo
639,Oralia,Kalf,okalfhq@wikimedia.org,Female,28210 High Crossing Point,,Lukou
640,Erasmus,Winfrey,ewinfreyhr@nsw.gov.au,Male,48311 Heath Junction,606488,Pamyat’ Parizhskoy Kommuny
641,Merill,Kemmis,mkemmishs@earthlink.net,Male,30 Burning Wood Point,10800,Phlapphla Chai
642,Isac,McNeilley,imcneilleyht@about.me,Male,56 Birchwood Drive,40140,Nam Phong
643,Elmo,Haborn,ehabornhu@columbia.edu,Male,6333 Clyde Gallagher Drive,,Manna
644,Bambi,Sothern,bsothernhv@dropbox.com,Female,408 Sommers Crossing,,Petong
645,Donnell,McConnell,dmcconnellhw@columbia.edu,Male,4 Crescent Oaks Center,,Thanh Nê
646,Washington,Vyse,wvysehx@fc2.com,Male,09 Artisan Drive,,Shahe
647,Erasmus,Kindred,ekindredhy@hexun.com,Male,63142 Rieder Terrace,353798,Grivenskaya
648,Kele,Bosman,kbosmanhz@bigcartel.com,Male,82 Bonner Plaza,,Lincuo
649,Orelie,Jowle,ojowlei0@wired.com,Female,14680 Iowa Trail,,Chunjing
650,Lyssa,Thrush,lthrushi1@sourceforge.net,Female,25933 Independence Street,,Yanmenguan
651,Jany,Manhare,jmanharei2@issuu.com,Female,3 Corben Parkway,,Cigadog
652,Ephrayim,Keogh,ekeoghi3@fastcompany.com,Male,6119 Hovde Crossing,,Kedungringin
653,Pauly,Marsy,pmarsyi4@globo.com,Male,60821 Mendota Street,,Al Mashāf
654,Devland,McTurley,dmcturleyi5@vimeo.com,Male,530 Ridgeway Pass,9700-602,São Sebastião
655,Lyon,Jeger,ljegeri6@telegraph.co.uk,Male,40 Sutteridge Street,84350-000,Ortigueira
656,Nikkie,Linnemann,nlinnemanni7@qq.com,Female,14 Blue Bill Park Terrace,,Kalanchak
657,Theodor,Snowdon,tsnowdoni8@naver.com,Male,67 Badeau Circle,83300-000,Piraquara
658,Steffane,Corthes,scorthesi9@flavors.me,Female,30007 Welch Trail,L-5341,Moutfort
659,Francklyn,Earpe,fearpeia@scientificamerican.com,Male,3156 Shelley Avenue,,Sujji
660,Edmon,Bengal,ebengalib@godaddy.com,Male,11002 Del Sol Lane,,Arapuey
661,Cal,Sexten,csextenic@google.pl,Male,28915 Fair Oaks Way,6227,San Juan
662,Clary,Croisier,ccroisierid@who.int,Female,91462 Oxford Parkway,60230,Kao Liao
663,Moss,Rowntree,mrowntreeie@blogs.com,Male,9 Leroy Way,506 46,Borås
664,Friedrick,Dunwoody,fdunwoodyif@google.com.br,Male,824 Ilene Park,,La Jutosa
665,Agatha,Yedy,ayedyig@delicious.com,Female,373 Upham Alley,,Kibondo
666,Athene,Sketh,askethih@google.fr,Female,9 Prentice Road,5200,Bayanan
667,Gerhard,Diggins,gdigginsii@msu.edu,Male,6217 Chive Park,99560-000,Sarandi
668,Herold,Tarborn,htarbornij@over-blog.com,Male,300 Waubesa Court,181019,El Doncello
669,Reggie,Santostefano.,rsantostefanoik@wordpress.com,Male,5 Twin Pines Junction,,Jiangning
670,Mirabella,Pickance,mpickanceil@cmu.edu,Female,2 Kim Point,,Pingsha
671,Aleda,Northall,anorthallim@cornell.edu,Female,38512 Onsgard Lane,,Loutrá
672,Ardine,Pember,apemberin@liveinternet.ru,Female,8877 Cody Court,6229,Maria
673,Berk,Blatchford,bblatchfordio@dedecms.com,Male,254 Trailsway Point,3016,Bigaa
674,Hershel,Buckenham,hbuckenhamip@admin.ch,Male,54 Roxbury Center,,Butare
675,Garvy,Pinnigar,gpinnigariq@cloudflare.com,Male,472 Tennessee Plaza,311-4317,Ashibetsu
676,Marten,Philipson,mphilipsonir@nymag.com,Male,6 Commercial Alley,,Apaga
677,Sunny,Layson,slaysonis@bloomberg.com,Female,3 Vidon Pass,,Rosario del Ingre
678,Amalia,Whitford,awhitfordit@barnesandnoble.com,Female,5 Maple Wood Park,3212,Los Charrúas
679,Smith,Tackes,stackesiu@51.la,Male,802 Mitchell Court,118 20,Stockholm
680,Ive,Lintot,ilintotiv@howstuffworks.com,Male,4253 Truax Terrace,,Jurangjero
681,Sindee,Laminman,slaminmaniw@wiley.com,Female,81 Buhler Park,3200,Suklayin
682,Aloin,Amer,aamerix@odnoklassniki.ru,Male,720 Cody Circle,1114,Manoc-Manoc
683,Stanislas,Swiers,sswiersiy@twitter.com,Male,2 Eliot Alley,,Chengguan
684,Maxie,Biglin,mbigliniz@parallels.com,Female,484 Menomonie Drive,,Qingping
685,Wally,Gallagher,wgallagherj0@ovh.net,Female,09 Texas Drive,55470,Minneapolis
686,Susannah,Pettitt,spettittj1@themeforest.net,Female,5 Continental Point,,Monze
687,Trude,Stiling,tstilingj2@mashable.com,Female,790 Buena Vista Terrace,32450-000,Marataizes
688,Gonzales,Mugridge,gmugridgej3@nyu.edu,Male,9357 Farmco Pass,,Nancaicun
689,Evan,Snowden,esnowdenj4@europa.eu,Male,1836 Huxley Court,,Ganlin
690,Rosette,Foxall,rfoxallj5@1und1.de,Female,10 Fieldstone Pass,,Kassándreia
691,Ursa,Duffitt,uduffittj6@wiley.com,Female,2151 Monument Avenue,,Xinpeicun
692,Carlota,Etter,cetterj7@imageshack.us,Female,32 Roth Center,18120,Phra Phutthabat
693,Shena,Kemery,skemeryj8@list-manage.com,Female,83 Prentice Park,,Kertasari
694,Analiese,Klarzynski,aklarzynskij9@issuu.com,Female,381 Sheridan Court,,Hecheng
695,Bil,Ventham,bventhamja@mapy.cz,Male,8 Eagle Crest Center,999-6861,Yamada
696,Fiorenze,Adney,fadneyjb@wp.com,Female,574 Superior Pass,,Nanjing
697,Flynn,Searchfield,fsearchfieldjc@telegraph.co.uk,Male,07795 Portage Street,,Atolina
698,Arny,Oki,aokijd@foxnews.com,Male,269 High Crossing Terrace,,Liucheng
699,Sutherlan,Folder,sfolderje@sitemeter.com,Male,706 Pepper Wood Junction,,Suwalan
700,Raye,Bennike,rbennikejf@newyorker.com,Female,634 Pearson Parkway,54516 CEDEX,Vandœuvre-lès-Nancy
701,Parsifal,Harniman,pharnimanjg@facebook.com,Male,3666 Fisk Center,242731,Zhukovka
702,Kalina,Vreiberg,kvreibergjh@noaa.gov,Female,5 Kim Way,,Belén
703,Arturo,Ivanisov,aivanisovji@photobucket.com,Male,85471 Manitowish Point,16400-000,Lins
704,Nap,Curcher,ncurcherjj@angelfire.com,Male,504 Raven Way,,Jiading
705,Susan,Phlippsen,sphlippsenjk@wikispaces.com,Female,510 Sauthoff Plaza,MD-5114,Briceni
706,Hercules,Lanegran,hlanegranjl@narod.ru,Male,5 Briar Crest Place,,Hai’an
707,Wanda,Twidale,wtwidalejm@nydailynews.com,Female,368 Goodland Center,,Hanghuadian
708,Clareta,Gleeson,cgleesonjn@google.es,Female,0017 Randy Place,384 22,Vlachovo Březí
709,Desi,Sheaber,dsheaberjo@theglobeandmail.com,Male,9375 Charing Cross Point,18505,Scranton
710,Joyann,Imesen,jimesenjp@scribd.com,Female,984 Sundown Pass,102753,Ivanovka
711,Will,Keeley,wkeeleyjq@tinyurl.com,Male,5225 Mcguire Alley,,Roboré
712,Thorin,Sneaker,tsneakerjr@earthlink.net,Male,8 Hazelcrest Way,,Şabyā
713,Angelle,Avramovsky,aavramovskyjs@so-net.ne.jp,Female,050 Loftsgordon Plaza,,Cibenda
714,Alvan,Oxteby,aoxtebyjt@com.com,Male,5453 Longview Center,5810,Dao
715,Etienne,Tinman,etinmanju@who.int,Male,78269 Pennsylvania Avenue,2855-162,Vale Boeiro
716,Corey,Zanetto,czanettojv@stanford.edu,Male,50992 Lake View Way,4430,Causip
717,Lauritz,Vinnick,lvinnickjw@odnoklassniki.ru,Male,66 Schiller Junction,11247,Brooklyn
718,Andrew,Christofe,achristofejx@cnbc.com,Male,3 Messerschmidt Center,291 36,Kristianstad
719,Rosamund,Pitman,rpitmanjy@dell.com,Female,5 Morning Way,,Sremska Mitrovica
720,Kendricks,Kattenhorn,kkattenhornjz@google.fr,Male,36002 Lyons Circle,252219,Fusagasuga
721,Sheelagh,Oxterby,soxterbyk0@last.fm,Female,5 Basil Trail,11-130,Orneta
722,Katy,Pennetta,kpennettak1@spiegel.de,Female,45223 Schmedeman Crossing,,Altos
723,Aubrey,Haffard,ahaffardk2@sogou.com,Female,9 Basil Way,3403,Daykitin
724,Niccolo,Jakobsson,njakobssonk3@last.fm,Male,38 American Parkway,4608,Basud
725,Oswald,Spinelli,ospinellik4@photobucket.com,Male,8265 Nevada Parkway,7500,Bongao
726,Sidney,Ferrario,sferrariok5@addthis.com,Male,9401 Pleasure Hill,,Huangnaihai
727,Ermentrude,Greson,egresonk6@homestead.com,Female,2 Sutteridge Avenue,,Tenggong
728,Hallsy,Brok,hbrokk7@tamu.edu,Male,8 Burning Wood Place,,Lamalewar
729,Lela,Waller-Bridge,lwallerbridgek8@ask.com,Female,8875 Pankratz Junction,4329,Sampaloc
730,Ailyn,Shoemark,ashoemarkk9@vk.com,Female,587 Tennessee Alley,1600,Calaya
731,Elita,Aries,earieska@ted.com,Female,172 Pennsylvania Road,4313,San Narciso
732,Lee,McDonnell,lmcdonnellkb@google.com.br,Female,194 Columbus Center,,Merke
733,Agustin,Tongue,atonguekc@amazon.de,Male,8504 Lighthouse Bay Way,,Al Qadmūs
734,Florri,Royse,froysekd@ask.com,Female,1 Eagan Center,,Jinhua
735,Constantine,Edgar,cedgarke@prnewswire.com,Female,4544 Mandrake Place,05-555,Tarczyn
736,Denis,Pepys,dpepyskf@hud.gov,Male,818 Monument Terrace,,Banda Layung
737,Kale,Errigo,kerrigokg@php.net,Male,4 Maryland Alley,,Dayuan
738,Violante,Herley,vherleykh@rambler.ru,Female,0 Tomscot Hill,76059 CEDEX,Le Havre
739,Sofia,Dormon,sdormonki@phoca.cz,Female,7 Comanche Trail,,Yangchao
740,Neall,Houltham,nhoulthamkj@soup.io,Male,98686 Calypso Center,,Zhangcun
741,Gothart,Goracci,ggoraccikk@census.gov,Male,30764 David Parkway,,Baghdad
742,Kassia,Baison,kbaisonkl@sourceforge.net,Female,3 Anthes Way,,Fais
743,Nathan,Guilayn,nguilaynkm@aol.com,Male,238 Bartillon Plaza,173069,Pensilvania
744,Perrine,Fison,pfisonkn@google.cn,Female,085 Carioca Terrace,33543,Zephyrhills
745,Regen,Abeau,rabeauko@ning.com,Male,7 Packers Pass,8301,San Miguel
746,Colby,Corrison,ccorrisonkp@cocolog-nifty.com,Male,292 Fulton Park,95210,Stockton
747,Annaliese,Wardel,awardelkq@google.de,Female,15390 Bowman Terrace,,Nggelok
748,Nicolis,Cawood,ncawoodkr@mozilla.org,Male,216 Lighthouse Bay Drive,,Langnga
749,Gawen,McCrory,gmccroryks@cnbc.com,Male,13012 Clemons Alley,31110,Nang Rong
750,Misha,Pitkeathley,mpitkeathleykt@google.ru,Female,0798 Holy Cross Lane,,Pnikut
751,Cordelia,Whalebelly,cwhalebellyku@blogtalkradio.com,Female,2584 Oneill Crossing,13937 CEDEX 20,Marseille
752,Rustie,Chene,rchenekv@multiply.com,Male,5665 Delaware Hill,,Kax
753,Margy,Stode,mstodekw@noaa.gov,Female,208 Hollow Ridge Avenue,,San Miguelito
754,Simon,Roache,sroachekx@usgs.gov,Male,0 Spohn Avenue,4114,Bangonay
755,Conroy,Scalera,cscaleraky@qq.com,Male,6 Prairieview Terrace,196851,Metallostroy
756,Thomasin,Brandrick,tbrandrickkz@tuttocitta.it,Female,933 Hanson Alley,3610,Clorinda
757,Templeton,Stirman,tstirmanl0@washington.edu,Male,2733 Eastlawn Point,,Banarankrajan
758,Lanna,Tommasuzzi,ltommasuzzil1@histats.com,Female,1 Susan Plaza,,Huasahuasi
759,Dinah,Filewood,dfilewoodl2@adobe.com,Female,2 Del Sol Park,2442,Wañgan
760,Minette,Birtles,mbirtlesl3@miibeian.gov.cn,Female,4313 Harper Point,92660 CEDEX,Boulogne-Billancourt
761,Audy,Dyzart,adyzartl4@pbs.org,Female,2599 Browning Drive,,Karangpawitan
762,Napoleon,Killik,nkillikl5@google.nl,Male,04765 Blackbird Drive,88680,Obrera
763,Nanine,Choudhury,nchoudhuryl6@naver.com,Female,79880 Main Terrace,42505 CEDEX,Le Chambon-Feugerolles
764,Chrisse,Moyler,cmoylerl7@bbc.co.uk,Male,20 Kennedy Trail,456404,Timiryazevskiy
765,Willette,Kennaway,wkennawayl8@omniture.com,Female,420 Dapin Hill,,Kanye
766,Nicola,Skylett,nskylettl9@photobucket.com,Male,5 Valley Edge Parkway,,Bojongsari
767,Clim,Sumsion,csumsionla@photobucket.com,Male,6 Vidon Point,4570-308,Laúndos
768,Hardy,Carolan,hcarolanlb@cocolog-nifty.com,Male,81 Ilene Court,,Cardal
769,Fairleigh,O'Carmody,focarmodylc@phoca.cz,Male,4 Armistice Pass,,Yanmenguan
770,Othella,Bigg,obiggld@wikispaces.com,Female,817 Arizona Park,,Jenzan
771,Perren,Yeowell,pyeowellle@adobe.com,Male,8 Annamark Crossing,68780-000,Vigia
772,Marlene,Hurt,mhurtlf@yale.edu,Female,714 South Center,,Kadurahayu
773,Maureene,Ellams,mellamslg@cocolog-nifty.com,Female,64 Huxley Hill,55630-000,Pombos
774,Harwell,Ughi,hughilh@ocn.ne.jp,Male,469 Esker Point,,Lop
775,Arielle,Baurerich,abaurerichli@purevolume.com,Female,2 Magdeline Center,26-341,Mniszków
776,Albie,Berndtssen,aberndtssenlj@is.gd,Male,958 Portage Crossing,,Magang
777,Uriah,Shiels,ushielslk@canalblog.com,Male,6983 Gateway Street,653226,Tanzybey
778,Jolee,Ivan,jivanll@nationalgeographic.com,Female,0215 Russell Crossing,P2N,Kirkland Lake
779,Ansel,MacDearmont,amacdearmontlm@oakley.com,Male,00 Green Way,956-0861,Kitakami
780,Rossy,Iuorio,riuorioln@mail.ru,Male,0 Debra Trail,562 06,Ústí nad Orlicí
781,Chad,Trownson,ctrownsonlo@rediff.com,Male,81313 Corben Street,811-3122,Komono
782,Jaimie,Osbourn,josbournlp@quantcast.com,Male,633 5th Alley,,Tasīl
783,Birch,Gomery,bgomerylq@examiner.com,Male,1 Loomis Trail,20170,Ban Talat Bueng
784,Lara,Golling,lgollinglr@whitehouse.gov,Female,71 Corry Trail,,Anning
785,Leta,Sey,lseyls@mozilla.org,Female,75 Village Green Pass,26504 CEDEX,Bourg-lès-Valence
786,Marcel,Barkus,mbarkuslt@xrea.com,Male,5093 Reinke Alley,3025-377,Casal das Figueiras
787,Hayes,Keyworth,hkeyworthlu@wiley.com,Male,94 Weeping Birch Street,46005,Valencia
788,Kristy,Scholfield,kscholfieldlv@phoca.cz,Female,251 Nobel Drive,,Wosai
789,Sheridan,McCarthy,smccarthylw@people.com.cn,Male,18604 Lukken Center,,Hezhai
790,Bronson,Dunkerly,bdunkerlylx@acquirethisname.com,Male,93988 Waxwing Lane,V9J,Waterloo
791,Northrup,Abbyss,nabbyssly@fc2.com,Male,76316 Bartillon Junction,,Snizhne
792,Ollie,Unthank,ounthanklz@networkadvertising.org,Male,90 Mcguire Crossing,68780-000,Vigia
793,Sibylla,Kilmartin,skilmartinm0@dailymail.co.uk,Female,5620 Mosinee Way,,Tiang
794,Jackie,Collinge,jcollingem1@usa.gov,Female,68006 Nova Center,641 91,Katrineholm
795,Laurel,Wimpress,lwimpressm2@zimbio.com,Female,44609 Pennsylvania Park,,Dongshentou
796,Pascale,Sams,psamsm3@paypal.com,Male,963 Arizona Circle,4508,Santo Domingo
797,Morissa,Pawlata,mpawlatam4@ameblo.jp,Female,1612 Washington Trail,1771,Randfontein
798,Penrod,March,pmarchm5@xinhuanet.com,Male,22 Fallview Place,,Xuezhen
799,Rollo,Bernardot,rbernardotm6@loc.gov,Male,1 Schiller Drive,,Ar Riqāb
800,Burton,Grabbam,bgrabbamm7@cloudflare.com,Male,49 Oneill Terrace,,Matangshan
801,Gusti,Madgwick,gmadgwickm8@apple.com,Female,49 Jackson Avenue,46140-000,Livramento do Brumado
802,Corny,Henrych,chenrychm9@oracle.com,Female,8814 Manitowish Pass,18170-000,Piedade
803,Nisse,Shellshear,nshellshearma@odnoklassniki.ru,Female,2 Scoville Crossing,37-415,Zaleszany
804,Olivia,Garretts,ogarrettsmb@topsy.com,Female,13828 Helena Circle,662622,Minusinsk
805,Joya,Crackel,jcrackelmc@scribd.com,Female,5 Hanson Circle,,Bailu
806,Babita,Lonsdale,blonsdalemd@unblog.fr,Female,7 Division Point,1140,Sydney
807,Patrica,Pink,ppinkme@xinhuanet.com,Female,12 Logan Park,,Lluka e Eperme
808,Caldwell,Mewhirter,cmewhirtermf@yelp.com,Male,3282 Dryden Crossing,33000,Virovitica
809,Bogey,Whitsey,bwhitseymg@ebay.com,Male,5 Vermont Trail,,Kakhovka
810,Vallie,Skippon,vskipponmh@yale.edu,Female,42 John Wall Pass,53288,Karlobag
811,Chelsie,Kemm,ckemmmi@mail.ru,Female,33784 Gerald Crossing,2615-221,Arcena
812,Bert,Thandi,bthandimj@skyrock.com,Female,25666 Porter Point,,Betong
813,Ramsay,Rylstone,rrylstonemk@mit.edu,Male,99193 Schmedeman Crossing,1230,Tungi
814,Evyn,Seiler,eseilerml@acquirethisname.com,Male,6994 Parkside Point,,Banjar Delodrurung
815,Sinclair,Wonfar,swonfarmm@webnode.com,Male,7984 Laurel Place,4620-378,Ponte Nova
816,Tomas,Hamelyn,thamelynmn@delicious.com,Male,49827 Fulton Hill,731 33,Köping
817,Rudolf,Varley,rvarleymo@ftc.gov,Male,14 Hooker Pass,,Xiahong
818,Waverly,Ferier,wferiermp@house.gov,Male,66 Grasskamp Point,920-2327,Ichihara
819,Kat,Beetlestone,kbeetlestonemq@amazon.co.uk,Female,564 Vera Lane,,Coronel Martínez
820,Nicolina,McMorran,nmcmorranmr@illinois.edu,Female,3 Scott Plaza,4710,Kokstad
821,Geneva,Ivatts,givattsms@bbc.co.uk,Female,689 Bellgrove Court,,Idah
822,Allix,Wilmot,awilmotmt@yandex.ru,Female,58 Springs Way,,Mulawato
823,Nollie,Pavelka,npavelkamu@squarespace.com,Male,3 Graedel Point,8201,Talipan
824,Aloisia,Golbourn,agolbournmv@nbcnews.com,Female,71 Derek Way,,Blimbing
825,Vita,Bengough,vbengoughmw@sciencedaily.com,Female,1 Fuller Junction,,Yangshuo
826,Annie,Chastelain,achastelainmx@t.co,Female,52 Armistice Place,50320,Nong Don
827,Isiahi,Jouanny,ijouannymy@technorati.com,Male,28 Hermina Place,D09,Granard
828,Emalee,Corn,ecornmz@scientificamerican.com,Female,04452 Carey Terrace,412 62,Göteborg
829,Reggi,Paulat,rpaulatn0@amazon.com,Female,6 Riverside Junction,,Mojkovac
830,Dinnie,Maccaig,dmaccaign1@gravatar.com,Female,99224 Forster Avenue,96805,Honolulu
831,Zachary,Wicken,zwickenn2@theglobeandmail.com,Male,3360 Daystar Park,42355 CEDEX,La Talaudière
832,Hobart,Glover,hglovern3@livejournal.com,Male,3877 Clyde Gallagher Road,,Tsiroanomandidy
833,Ericha,Teare,etearen4@theatlantic.com,Female,39 East Drive,,El Triunfo
834,Salomo,Crain,scrainn5@rediff.com,Male,56655 8th Avenue,,Giemdiem
835,Susann,Haddrell,shaddrelln6@wordpress.org,Female,2379 Delaware Alley,,Karak City
836,Goldi,Jenks,gjenksn7@loc.gov,Female,575 Hermina Way,07509 CEDEX,Guilherand-Granges
837,Josselyn,Stivani,jstivanin8@ustream.tv,Female,2104 Muir Terrace,,Embi
838,Daveta,Foresight,dforesightn9@baidu.com,Female,5 Nova Parkway,7024,Ramon Magsaysay
839,Vlad,Franek,vfranekna@wsj.com,Male,156 Orin Court,811 30,Sandviken
840,Lois,Brandom,lbrandomnb@slashdot.org,Female,56 Michigan Hill,,Shazhouba
841,Zebulen,Pilch,zpilchnc@webs.com,Male,45319 Mallard Lane,271058,Bagadó
842,Silvie,McGiffin,smcgiffinnd@photobucket.com,Female,98 Green Court,168 74,Bromma
843,Jodie,Broadey,jbroadeyne@list-manage.com,Male,3616 Havey Hill,,Igbo Ora
844,Horten,Burney,hburneynf@hibu.com,Male,2040 Briar Crest Center,,Mala Danylivka
845,Aileen,Paine,apaineng@google.com,Female,1 5th Way,3253,Maulavi Bāzār
846,Quintin,Lowle,qlowlenh@wired.com,Male,3 Rowland Drive,,Karafao
847,Jannelle,Frame,jframeni@geocities.jp,Female,4 Pennsylvania Court,,Aţ Ţurrah
848,Feodor,Danaher,fdanahernj@paginegialle.it,Male,15 Lien Place,,Rongxing
849,Nan,Moule,nmoulenk@sfgate.com,Female,7368 Butternut Road,586 01,Jihlava
850,Val,Hegges,vheggesnl@youtube.com,Female,788 Victoria Way,346536,Talovyy
851,Sayers,Challener,schallenernm@businesswire.com,Male,132 Hoepker Hill,956-0861,Kitakami
852,Fritz,Clayworth,fclayworthnn@geocities.jp,Male,276 Dottie Park,691 05,Zaječí
853,Jazmin,Sarath,jsarathno@globo.com,Female,6589 Mayer Street,4485-296,Labruge
854,Henrieta,Colvie,hcolvienp@sina.com.cn,Female,40687 Melrose Crossing,L-5431,Lenningen
855,Ynes,Fassbender,yfassbendernq@taobao.com,Female,425 Utah Alley,,Shilong
856,Zeb,Rankling,zranklingnr@shinystat.com,Male,60184 Prentice Plaza,,Passo
857,Dame,Tite,dtitens@si.edu,Male,1 Havey Plaza,703 64,Örebro
858,Vere,McGovern,vmcgovernnt@sina.com.cn,Female,314 Eastwood Crossing,,Klayusiwalan
859,Eal,Barens,ebarensnu@businesswire.com,Male,2905 Basil Plaza,,Gaoguan
860,Taffy,Scott,tscottnv@adobe.com,Female,73768 Hooker Avenue,,Türkmenbaşy
861,Vanna,Kienzle,vkienzlenw@google.cn,Female,178 School Point,,Sidaurip
862,Dorolice,Kennea,dkenneanx@reddit.com,Female,842 Corben Lane,9007,Taboc
863,Lenette,Macellar,lmacellarny@usnews.com,Female,98638 Caliangt Circle,46130,Non Sila
864,Robby,Ong,rongnz@census.gov,Male,301 Paget Junction,,Ðà Lạt
865,Leigh,Witter,lwittero0@opera.com,Male,90 School Parkway,,Klutuk
866,Sebastiano,Laxtonne,slaxtonneo1@ehow.com,Male,284 Farragut Alley,,Dandian
867,Inge,Mayston,imaystono2@people.com.cn,Female,03 Buhler Street,89706,Carson City
868,Dieter,Bellee,dbelleeo3@uol.com.br,Male,012 Jenifer Terrace,,Qingyuan
869,Abdel,Roxburch,aroxburcho4@gravatar.com,Male,71 Harbort Street,,Eg
870,Denver,Sundin,dsundino5@mit.edu,Male,15 Katie Lane,,Dukuhturi
871,Moria,Reihm,mreihmo6@tinyurl.com,Female,8693 Lakewood Gardens Hill,,Douane
872,Papageno,Muzzini,pmuzzinio7@squarespace.com,Male,5 Anzinger Crossing,,Xian’an
873,Elinor,Jacob,ejacobo8@discuz.net,Female,2312 Eggendart Drive,2433,Villa Concepción del Tío
874,Cherye,Ralphs,cralphso9@zdnet.com,Female,74250 Melby Avenue,205048,Río de Oro
875,Garret,Coolbear,gcoolbearoa@theglobeandmail.com,Male,20509 Erie Point,,Huangascar
876,Valaria,Edney,vedneyob@macromedia.com,Female,52 Donald Crossing,,Binzhou
877,Marisa,Heistermann,mheistermannoc@comcast.net,Female,22807 Corben Hill,,Huangbei
878,Feliks,Ibbett,fibbettod@nsw.gov.au,Male,6186 Lerdahl Parkway,,Zhiqing Songduo
879,Cinderella,Dunstall,cdunstalloe@bluehost.com,Female,73305 Elmside Point,,Partikan
880,Carlita,Gherarducci,cgherarducciof@baidu.com,Female,50 Grim Circle,,Salakuray
881,Minta,Pinilla,mpinillaog@icq.com,Female,58663 Clarendon Drive,461199,Tashla
882,Michael,Gilyatt,mgilyattoh@purevolume.com,Male,31846 Lakeland Trail,901 02,Umeå
883,Myrilla,Collete,mcolleteoi@hubpages.com,Female,60291 Commercial Circle,,Hanjia
884,Leena,Hrinishin,lhrinishinoj@harvard.edu,Female,2630 Hanover Terrace,,Dalgān
885,Oren,Baton,obatonok@globo.com,Male,4835 Graedel Parkway,33001,Jāmpur
886,Lydie,Jerdan,ljerdanol@nationalgeographic.com,Female,520 North Park,696 12,Hovorany
887,Delila,Woodwind,dwoodwindom@seesaa.net,Female,43360 Old Gate Pass,,Tongqing
888,Lauri,Harkness,lharknesson@xrea.com,Female,252 Hooker Lane,,Huangtian
889,Sonnie,Geekie,sgeekieoo@toplist.cz,Male,66 Hoffman Trail,,Mykolayiv
890,Raul,Voysey,rvoyseyop@digg.com,Male,2804 Huxley Way,16522,Erie
891,Brose,Mouan,bmouanoq@digg.com,Male,8722 Birchwood Circle,,Tayang
892,Annmarie,Littlejohn,alittlejohnor@answers.com,Female,45952 Pine View Trail,,Yanhe
893,Packston,Meadus,pmeadusos@cnn.com,Male,48930 1st Park,,Gilin
894,Freda,Crimes,fcrimesot@miibeian.gov.cn,Female,9520 Fisk Alley,30853,Francisco I Madero
895,Kaila,Greatland,kgreatlandou@zimbio.com,Female,610 Vahlen Junction,,Yunfu
896,Gaby,Terbeek,gterbeekov@paginegialle.it,Female,25677 Melrose Pass,,Lökbatan
897,Alphonse,Mastrantone,amastrantoneow@furl.net,Male,5 Manitowish Terrace,1225,Dobrošte
898,Philis,Banker,pbankerox@dagondesign.com,Female,43 Hollow Ridge Circle,49901,Virolahti
899,Antin,Quimby,aquimbyoy@psu.edu,Male,416 Meadow Valley Crossing,,Cibeureum
900,Carroll,Littler,clittleroz@reddit.com,Female,50 Quincy Street,2540-006,Bombarral
901,Victoria,Josipovitz,vjosipovitzp0@hatena.ne.jp,Female,9338 Utah Plaza,,Jurh
902,Gusti,Chazotte,gchazottep1@digg.com,Female,706 Warrior Terrace,,Tsagaannuur
903,Bald,Widdop,bwiddopp2@vinaora.com,Male,25 Columbus Junction,521508,Arboleda
904,Wanda,Laslett,wlaslettp3@ca.gov,Female,511 Lotheville Road,2114,Abucay
905,Farrah,Dowderswell,fdowderswellp4@privacy.gov.au,Female,4898 Browning Crossing,,Az Zāhir
906,Ashlin,Parley,aparleyp5@europa.eu,Male,519 Lakewood Drive,9309,Bayang
907,Gabriele,Biasio,gbiasiop6@dion.ne.jp,Male,2 Delaware Lane,865-0005,Tamana
908,Natalina,Smitham,nsmithamp7@qq.com,Female,937 Quincy Hill,,Panglanjan
909,Hillard,Hultberg,hhultbergp8@weather.com,Male,60567 Schiller Crossing,393925,Zheleznodorozhnyy
910,Andrey,Kilminster,akilminsterp9@hibu.com,Male,4 Bay Court,14199,Berlin
911,Lockwood,Kerkham,lkerkhampa@google.es,Male,9 Russell Street,,Lewokluok
912,Eula,Jacques,ejacquespb@mozilla.org,Female,3 Boyd Lane,20005,Jocotán
913,Onida,Bridgestock,obridgestockpc@behance.net,Female,10 Stoughton Place,742 83,Václavovice
914,Patti,Clutten,pcluttenpd@dedecms.com,Female,865 Springview Street,,Sanyang
915,Jabez,Beecker,jbeeckerpe@163.com,Male,29691 Kennedy Street,,Tursunzoda
916,Ardyce,Godby,agodbypf@japanpost.jp,Female,145 Autumn Leaf Avenue,,Qiwen
917,Franklyn,Nourse,fnoursepg@si.edu,Male,2714 Service Court,,Oke Mesi
918,Brittaney,Costello,bcostelloph@mysql.com,Female,301 Sachtjen Parkway,,Kotadukuh
919,Dario,Leghorn,dleghornpi@tiny.cc,Male,844 Pankratz Hill,,Ýdra
920,Ingra,Meadus,imeaduspj@bandcamp.com,Male,95741 Iowa Lane,45960-000,Medeiros Neto
921,Lilli,Stimson,lstimsonpk@desdev.cn,Female,4309 Bultman Crossing,10081 CEDEX,Troyes
922,Rosalia,Worrill,rworrillpl@google.com,Female,8905 Montana Park,,Ngangguk
923,Jacynth,Coopman,jcoopmanpm@thetimes.co.uk,Female,65423 Dryden Avenue,69660-000,Jutaí
924,Ilyssa,Marriner,imarrinerpn@wordpress.org,Female,32240 Portage Center,34-125,Sułkowice
925,Ree,Coatsworth,rcoatsworthpo@goodreads.com,Female,97 Huxley Junction,59343-000,Jardim do Seridó
926,Nessi,Passman,npassmanpp@ft.com,Female,68 Hoard Court,48370-000,Esplanada
927,Olin,Kayzer,okayzerpq@upenn.edu,Male,097 Cascade Way,,Sokoto
928,Carlita,Ever,ceverpr@google.ca,Female,75 Stone Corner Crossing,,Sukorejo
929,Dorene,Blackstone,dblackstoneps@whitehouse.gov,Female,038 Butternut Junction,,Jing’an
930,Edyth,Gozard,egozardpt@amazon.de,Female,62 Hayes Park,19-335,Prostki
931,Daffi,Chesterton,dchestertonpu@admin.ch,Female,99908 Lien Crossing,4800-260,Santa Maria do Souto
932,Valina,Chaudrelle,vchaudrellepv@omniture.com,Female,5160 Old Gate Center,,Bayamo
933,Belia,Tregear,btregearpw@upenn.edu,Female,15382 Elgar Parkway,L-4982,Reckange-sur-Mess
934,Dewey,Martusewicz,dmartusewiczpx@feedburner.com,Male,18 Bluejay Alley,26504 CEDEX,Bourg-lès-Valence
935,Cynthea,Dericot,cdericotpy@hao123.com,Female,309 Golf Course Drive,,Malaba
936,Noel,Parmley,nparmleypz@ihg.com,Male,3 Miller Parkway,3296,Pietermaritzburg
937,Thaine,Brame,tbrameq0@sfgate.com,Male,08602 Emmet Center,,Bayshint
938,Irvine,Hannen,ihannenq1@google.cn,Male,1 Corben Pass,,Marcovia
939,Ira,Killingworth,ikillingworthq2@dailymotion.com,Male,95409 Stuart Junction,,Javānrūd
940,Oswald,Blampied,oblampiedq3@sphinn.com,Male,091 Oriole Circle,11003,Hato Mayor del Rey
941,Melita,Dalwood,mdalwoodq4@cpanel.net,Female,466 Warbler Center,24-120,Kazimierz Dolny
942,Mariele,MacCook,mmaccookq5@biblegateway.com,Female,45 Onsgard Parkway,960-0645,Daigo
943,Marten,Lowrance,mlowranceq6@webnode.com,Male,3 Linden Lane,,Sahline
944,Gary,Ivanonko,givanonkoq7@posterous.com,Male,25 Corry Trail,,Lishu
945,Ingrid,Kitney,ikitneyq8@nbcnews.com,Female,95940 Porter Park,60309 CEDEX,Senlis
946,Devon,Orans,doransq9@google.de,Female,4 Cordelia Circle,891 20,Örnsköldsvik
947,Britt,Lavarack,blavarackqa@slashdot.org,Male,66004 Florence Junction,77381,Naudero
948,Enos,Eltone,eeltoneqb@guardian.co.uk,Male,9 Upham Pass,4113,Dulangan
949,Richart,Creasy,rcreasyqc@cdc.gov,Male,0 Meadow Vale Way,63600-000,Senador Pompeu
950,Renard,Gully,rgullyqd@ibm.com,Male,28 Forster Crossing,7700,Newlands
951,Charles,McDade,cmcdadeqe@discuz.net,Male,62 Buena Vista Plaza,34308,Jakšić
952,Thelma,Izacenko,tizacenkoqf@ebay.com,Female,39 Packers Circle,75419 CEDEX 08,Paris 08
953,Bellina,Heaviside,bheavisideqg@gov.uk,Female,49123 Briar Crest Drive,,Koblain
954,Spence,Spatarul,sspatarulqh@globo.com,Male,9970 Calypso Point,051059,Medellín
955,Bryce,Betton,bbettonqi@naver.com,Male,68706 Stang Avenue,,Wololele A
956,Adrian,Feldman,afeldmanqj@smh.com.au,Female,785 Sullivan Terrace,,Kandang Timur
957,Claybourne,Bangiard,cbangiardqk@sourceforge.net,Male,89158 Twin Pines Trail,9790,Thaba Nchu
958,Dora,Rudwell,drudwellql@sphinn.com,Female,14 Magdeline Park,4610-017,Crasto
959,Kippy,Marriot,kmarriotqm@cargocollective.com,Male,28 Ilene Pass,37142,Verona
960,Goldina,Geeritz,ggeeritzqn@amazon.co.uk,Female,670 Morrow Alley,,Tanenofunan
961,Karoly,Quimby,kquimbyqo@umich.edu,Female,37420 Barby Street,,Danané
962,Dannel,Merryweather,dmerryweatherqp@fc2.com,Male,86709 Milwaukee Parkway,,Semenivka
963,Dalila,Gerardi,dgerardiqq@rakuten.co.jp,Female,6 Texas Alley,,Zhangcun
964,Anica,Meffen,ameffenqr@newsvine.com,Female,79 Di Loreto Drive,,Raksajaya
965,Maria,Fitzmaurice,mfitzmauriceqs@mtv.com,Female,4 Rigney Pass,,Las Trojes
966,Rosalinde,Etherson,rethersonqt@omniture.com,Female,2 Nobel Crossing,,Hengtang
967,Ase,Chezelle,achezellequ@phoca.cz,Male,7 High Crossing Lane,6214,Maastricht
968,Calli,Theuff,ctheuffqv@homestead.com,Female,8053 Redwing Junction,,Bích Động
969,King,Shepheard,kshepheardqw@oakley.com,Male,1189 Lukken Drive,32-541,Trzebinia
970,Flory,Burgane,fburganeqx@ibm.com,Male,208 Bobwhite Road,307350,Pervomaysk
971,Gibbie,Falconar,gfalconarqy@plala.or.jp,Male,20288 American Point,97329 CEDEX,Cayenne
972,Madelaine,Poll,mpollqz@ehow.com,Female,076 Duke Way,,Ruixi
973,Fara,Mattke,fmattker0@discovery.com,Female,902 Golf Drive,,Nahrīn
974,Candi,Allabarton,callabartonr1@issuu.com,Female,92 Comanche Park,,Trstenik
975,Sigismondo,Billanie,sbillanier2@typepad.com,Male,625 Myrtle Parkway,58-550,Karpacz
976,Sonia,Disley,sdisleyr3@unc.edu,Female,6420 Kim Lane,,Biên Hòa
977,Mozes,Balassa,mbalassar4@trellian.com,Male,86907 Lien Alley,,Al Khawkhah
978,Cordelie,Bennion,cbennionr5@wordpress.com,Female,9 6th Point,,Dmytrivka
979,Valentino,Skellern,vskellernr6@mayoclinic.com,Male,12 Mesta Pass,,Otavi
980,Javier,Halpeine,jhalpeiner7@census.gov,Male,3758 Surrey Parkway,,Pangawaren
981,Kelli,Lestor,klestorr8@howstuffworks.com,Female,127 Westend Road,,Baofeng
982,Jess,Airdrie,jairdrier9@xrea.com,Male,755 Morrow Crossing,176 76,Järfälla
983,Selia,Dark,sdarkra@indiatimes.com,Female,3 Pepper Wood Parkway,,Idanre
984,Nicoline,Katt,nkattrb@nifty.com,Female,5652 Little Fleur Way,162002,Gryazovets
985,Isidor,Abrami,iabramirc@miibeian.gov.cn,Male,3 Cherokee Plaza,,Kabul
986,Francisco,Draijer,fdraijerrd@oaic.gov.au,Male,5851 Delladonna Street,,Offa
987,Germayne,Milnthorpe,gmilnthorpere@utexas.edu,Male,118 Knutson Alley,DGL,Dingli
988,Danny,Heinicke,dheinickerf@huffingtonpost.com,Male,64 Waywood Court,3430-345,Oliveira do Conde
989,Giacomo,Wordley,gwordleyrg@t.co,Male,646 Dexter Junction,T9C,Vegreville
990,Pamella,Bugg,pbuggrh@vinaora.com,Female,327 Hoffman Crossing,26-811,Wyśmierzyce
991,Ailbert,Bulley,abulleyri@hc360.com,Male,3417 Bellgrove Place,,Tiên Lãng
992,Waldon,Kydde,wkydderj@ebay.co.uk,Male,42738 Gina Way,,Banjar Dauhpura
993,Juieta,Le Pine,jlepinerk@wikia.com,Female,130 Novick Plaza,,Xiaohe
994,Rand,Toffoletto,rtoffolettorl@utexas.edu,Male,138 Hooker Avenue,,Píritu
995,Dorey,Iglesia,diglesiarm@kickstarter.com,Female,89651 Anhalt Lane,,Masaran
996,Bren,Aitken,baitkenrn@ucla.edu,Female,61985 Lotheville Plaza,2422,Taloy
997,Adah,Shah,ashahro@theatlantic.com,Female,94405 Graceland Center,435 43,Horní Jiřetín
998,Darcy,Pace,dpacerp@acquirethisname.com,Male,02904 Fisk Hill,,Bhamdoûn el Mhatta
999,Marisa,Suett,msuettrq@cnn.com,Female,42 Jackson Junction,,Thị Trấn Phú Mỹ
1000,Augy,Osorio,aosoriorr@timesonline.co.uk,Male,21 Hollow Ridge Junction,303842,Uvarovka
